slug,severity,title,title_english,h1,h1_english,desc,desc_english
50-50-guard,CRITICAL,50/50 Guard BJJ: White Belt Guide | BJJ Wiki,"Guard,White,Guide",50/50 Guard BJJ: A White Belt's Biomechanical Guide,"Guard,White,Biomechanical,Guide","Master the 50/50 Guard in BJJ. Precise biomechanical guide for white belts with drills, warnings, and counters.","Master,Guard,Precise,biomechanical,guide"
americana,CRITICAL,Americana BJJ: White Belt Guide to Shoulder Lock | BJJ Wiki,"Americana,White,Guide,Shoulder",Americana: The Essential BJJ Shoulder Lock for White Belts,"Americana,Essential,Shoulder,White,Belts","Master the Americana in BJJ. Precise biomechanics guide for white belts, covering grips, execution, warnings, drills, an","Master,Americana,Precise,biomechanics,guide"
anaconda-choke,CRITICAL,Anaconda Choke BJJ: White Belt Guide | BJJ Wiki,"Anaconda,Choke,White,Guide",Anaconda Choke: A White Belt's Biomechanical Guide,"Anaconda,Choke,White,Biomechanical,Guide","Master the Anaconda Choke in BJJ with this biomechanically accurate guide for white belts. Learn grips, execution, and c","Master,Anaconda,Choke,biomechanically,accurate"
ankle-lock,CRITICAL,Ankle Lock BJJ: White Belt Guide | BJJ Wiki,"Ankle,White,Guide",Beginner's Guide to the Ankle Lock in BJJ,"Beginner,Guide,Ankle","Master the Ankle Lock in BJJ. This precise guide for white belts covers biomechanics, injury prevention, drills, and cou","Master,Ankle,precise,guide,white"
ankle-pick,CRITICAL,Ankle Pick BJJ: White Belt Takedown Guide | BJJ Wiki,"Ankle,White,Takedown,Guide",Ankle Pick: The Essential BJJ Takedown for White Belts,"Ankle,Essential,Takedown,White,Belts","Master the Ankle Pick BJJ takedown. This precise guide for white belts covers biomechanics, injury risks, drills, and co","Master,Ankle,takedown,precise,guide"
armbar,CRITICAL,Armbar BJJ: White Belt Biomechanics Guide | BJJ Wiki,"Armbar,White,Biomechanics,Guide",Armbar Technique Guide for BJJ White Belts,"Armbar,Technique,Guide,White,Belts","Master the Armbar in BJJ with this biomechanically precise guide for white belts. Learn grips, mechanics, safety, and dr","Master,Armbar,biomechanically,precise,guide"
back-defense,CRITICAL,BJJ Back Defense: White Belt Guide | BJJ Wiki,"Defense,White,Guide",BJJ Back Defense: The White Belt's Ultimate Guide,"Defense,White,Ultimate,Guide",Master BJJ Back Defense with this biomechanically accurate guide for white belts. Learn essential techniques and avoid i,"Master,Defense,biomechanically,accurate,guide"
back-mount,CRITICAL,Back Mount BJJ: White Belt Guide | BJJ Wiki,"Mount,White,Guide",Back Mount BJJ: The Ultimate White Belt Guide,"Mount,Ultimate,White,Guide","Master Back Mount BJJ with this biomechanically precise guide for white belts. Learn safe execution, common errors, and ","Master,Mount,biomechanically,precise,guide"
backtake,CRITICAL,Back Take BJJ: White Belt Guide | BJJ Wiki,"White,Guide",Back Take: A Biomechanically Precise Guide for BJJ White Belts,"Biomechanically,Precise,Guide,White,Belts","Master the Back Take in BJJ with this biomechanically precise guide for white belts. Learn grips, transitions, and avoid","Master,biomechanically,precise,guide,white"
balloon-sweep,CRITICAL,Balloon Sweep BJJ: White Belt Guide | BJJ Wiki,"Balloon,Sweep,White,Guide",Balloon Sweep: Your First BJJ Sweep Guide,"Balloon,Sweep,First,Sweep,Guide","Master the Balloon Sweep in BJJ with this precise, biomechanically accurate guide for white belts. Learn grips, executio","Master,Balloon,Sweep,precise,biomechanically"
baseball-choke,CRITICAL,Baseball Choke BJJ: White Belt Guide | BJJ Wiki,"Baseball,Choke,White,Guide",Baseball Choke: A Biomechanically Accurate BJJ Guide for White Belts,"Baseball,Choke,Biomechanically,Accurate,Guide","Master the Baseball Choke in BJJ with this biomechanically precise guide for white belts. Learn grips, execution, and co","Master,Baseball,Choke,biomechanically,precise"
berimbolo,CRITICAL,Berimbolo BJJ: White Belt Guide | BJJ Wiki,"Berimbolo,White,Guide",Berimbolo: Your First Step to Advanced BJJ Guard,"Berimbolo,First,Advanced,Guard","Master the Berimbolo in BJJ with this biomechanically accurate guide for white belts. Learn grips, mechanics, and avoid ","Master,Berimbolo,biomechanically,accurate,guide"
bjj-dlr-back-take-guide,INFO,【BJJ】De La Riva Back Take,,De La Riva Back Take,,Transition from De La Riva guard to back control with dominant positioning and control systems.,"Transition,guard,control,dominant,positioning"
bjj-long-game-bjj,INFO,【BJJ】Long Game in BJJ | BJJ Wiki,,Long Game in BJJ,,Long-term BJJ development and career planning.,"development,career,planning"
bjj-terminology,INFO,BJJ用語集 | 50以上の必須ポルトガル語・英語用語を解説,,BJJ用語集：完全ガイド,,"BJJ has a unique vocabulary mixing Portuguese, Japanese (from judo roots), and English slang.","unique,vocabulary,mixing,Portuguese,Japanese"
body-triangle,CRITICAL,Body Triangle BJJ: White Belt Guide | BJJ Wiki,"Triangle,White,Guide",Body Triangle BJJ Technique for White Belts,"Triangle,Technique,White,Belts","Master the Body Triangle in BJJ with this biomechanically accurate guide for white belts. Learn setup, execution, and co","Master,Triangle,biomechanically,accurate,guide"
bow-and-arrow-choke,CRITICAL,Bow and Arrow Choke BJJ: White Belt Guide | BJJ Wiki,"Arrow,Choke,White,Guide",Bow and Arrow Choke: A White Belt's Biomechanical Breakdown,"Arrow,Choke,White,Biomechanical,Breakdown","Master the Bow and Arrow Choke in BJJ with this precise, biomechanically accurate guide for white belts. Learn grips, ex","Master,Arrow,Choke,precise,biomechanically"
bridge-and-roll,CRITICAL,BJJ Bridge and Roll Technique Guide for White Belts | BJJ Wiki,"Bridge,Technique,Guide,White,Belts",Master the Bridge and Roll: A White Belt's Guide to BJJ Escapes,"Master,Bridge,White,Guide,Escapes","Master the Bridge and Roll BJJ escape. Precise, biomechanically accurate guide for white belts to safely and effectively","Master,Bridge,escape,Precise,biomechanically"
butterfly-guard,CRITICAL,Butterfly Guard BJJ: White Belt Guide | BJJ Wiki,"Butterfly,Guard,White,Guide",Butterfly Guard: The White Belt's Biomechanical Foundation,"Butterfly,Guard,White,Biomechanical,Foundation","Master Butterfly Guard BJJ with this biomechanically accurate guide for white belts. Learn safe execution, common errors","Master,Butterfly,Guard,biomechanically,accurate"
calf-slicer,CRITICAL,Calf Slicer BJJ: White Belt Guide | BJJ Wiki,"Slicer,White,Guide",Calf Slicer BJJ: A Precise Guide for White Belts,"Slicer,Precise,Guide,White,Belts","Master the Calf Slicer in BJJ. This white belt guide details biomechanics, warnings, drills, and counters for this essen","Master,Slicer,white,guide,details"
clock-choke,CRITICAL,Clock Choke BJJ: White Belt Guide | BJJ Wiki,"Clock,Choke,White,Guide",Clock Choke: A White Belt's Biomechanically Precise Guide,"Clock,Choke,White,Biomechanically,Precise","Master the Clock Choke in BJJ with this precise, biomechanically accurate guide for white belts. Learn grips, execution,","Master,Clock,Choke,precise,biomechanically"
closed-guard,CRITICAL,Closed Guard BJJ: White Belt Biomechanics | BJJ Wiki,"Closed,Guard,White,Biomechanics",Closed Guard: The Foundation of BJJ for White Belts,"Closed,Guard,Foundation,White,Belts","Master Closed Guard BJJ with this biomechanically precise guide for white belts. Learn grips, positioning, and common mi","Master,Closed,Guard,biomechanically,precise"
cross-collar-choke,CRITICAL,Cross Collar Choke BJJ: White Belt Guide | BJJ Wiki,"Cross,Collar,Choke,White,Guide",Cross Collar Choke: The Foundational BJJ Technique for White Belts,"Cross,Collar,Choke,Foundational,Technique","Master the Cross Collar Choke in BJJ. Precise biomechanical guide for white belts, focusing on safety and effectiveness.","Master,Cross,Collar,Choke,Precise"
d-arce-choke,WARNING,ダルセチョーク（D'Arce Choke）— BJJサブミッション完全ガイド | BJJ Wiki,Choke,ダルセチョーク：トップポジションからのアームイン首絞め,,ダルセチョークはトップポジションから決める強力なアームイン系絞め技。セットアップ・メカニクス・エントリー・ディフェンスを解説。,
darce-choke,CRITICAL,D&#x27;Arce Choke BJJ: White Belt Guide | BJJ Wiki,"Choke,White,Guide",D'Arce Choke: The Biomechanically Sound BJJ Technique Guide,"Choke,Biomechanically,Sound,Technique,Guide","Learn the D&#x27;Arce Choke in BJJ with this biomechanically accurate guide for white belts. Master grips, positioning, ","Learn,Choke,biomechanically,accurate,guide"
de-la-riva-guard,CRITICAL,De La Riva Guard BJJ: White Belt Guide | BJJ Wiki,"Guard,White,Guide",De La Riva Guard: A Biomechanically Accurate BJJ Guide for White Belts,"Guard,Biomechanically,Accurate,Guide,White","Learn the De La Riva Guard in BJJ with this biomechanically accurate guide for white belts. Master grips, movement, and ","Learn,Guard,biomechanically,accurate,guide"
deep-half-guard,CRITICAL,Deep Half Guard BJJ: White Belt Guide | BJJ Wiki,"Guard,White,Guide",Deep Half Guard: A White Belt's Biomechanical Blueprint,"Guard,White,Biomechanical,Blueprint","Master Deep Half Guard BJJ with this precise, biomechanically accurate guide for white belts. Learn grips, counters, and","Master,Guard,precise,biomechanically,accurate"
dog-fight,WARNING,ドッグファイトポジションの技術解説 | BJJ Wiki,,ドッグファイト（Dog Fight）— 完全技術解説,Fight,ドッグファイト（Dog Fight）の正しい動き方・スウィープ・バックテイク・カウンターを解説。ブラジリアン柔術のハーフガードからのスクランブル技術。,Fight
double-leg-takedown,CRITICAL,Double Leg Takedown BJJ Guide for White Belts | BJJ Wiki,"Double,Takedown,Guide,White,Belts",Precision Double Leg Takedown Guide for BJJ White Belts,"Precision,Double,Takedown,Guide,White","Master the Double Leg Takedown in BJJ with this biomechanically accurate guide for white belts. Learn grips, execution, ","Master,Double,Takedown,biomechanically,accurate"
double-under-pass,CRITICAL,Double Under Pass BJJ: White Belt Guide | BJJ Wiki,"Double,Under,White,Guide",Double Under Pass: A White Belt's Biomechanically Precise Guide,"Double,Under,White,Biomechanically,Precise","Master the Double Under Pass in BJJ. Precise biomechanical guide for white belts with drills, warnings, and counters.","Master,Double,Under,Precise,biomechanical"
elbow-knee-escape,CRITICAL,Elbow-Knee Escape BJJ: White Belt Guide | BJJ Wiki,"Elbow,Escape,White,Guide",Elbow-Knee Escape: The White Belt's Biomechanical Blueprint,"Elbow,Escape,White,Biomechanical,Blueprint","Master the Elbow-Knee Escape in BJJ with this precise biomechanical guide for white belts. Learn grips, weight distribut","Master,Elbow,Escape,precise,biomechanical"
elevator-sweep,CRITICAL,Elevator Sweep BJJ: White Belt Guide | BJJ Wiki,"Elevator,Sweep,White,Guide",Elevator Sweep: The Biomechanically Precise Guide for BJJ White Belts,"Elevator,Sweep,Biomechanically,Precise,Guide","Master the Elevator Sweep in BJJ with this precise, biomechanically accurate guide for white belts. Learn grips, mechani","Master,Elevator,Sweep,precise,biomechanically"
estima-lock,CRITICAL,Estima Lock BJJ: White Belt Guide to Leg Control | BJJ Wiki,"Estima,White,Guide,Control",Estima Lock: A Biomechanically Precise Guide for BJJ White Belts,"Estima,Biomechanically,Precise,Guide,White","Learn the Estima Lock in BJJ. Precise biomechanics for white belts, injury prevention, drills, and counters for effectiv","Learn,Estima,Precise,biomechanics,white"
ezekiel-choke,CRITICAL,Ezekiel Choke BJJ: White Belt Technique Guide | BJJ Wiki,"Ezekiel,Choke,White,Technique,Guide",Ezekiel Choke BJJ: The Complete White Belt Guide,"Ezekiel,Choke,Complete,White,Guide","Master the Ezekiel Choke in BJJ. Precise biomechanical guide for white belts, focusing on safety, execution, and common ","Master,Ezekiel,Choke,Precise,biomechanical"
flower-sweep,CRITICAL,Flower Sweep BJJ: White Belt Biomechanics | BJJ Wiki,"Flower,Sweep,White,Biomechanics",Flower Sweep Technique Guide for BJJ White Belts,"Flower,Sweep,Technique,Guide,White","Master the Flower Sweep in BJJ with this biomechanically accurate guide for white belts. Learn grips, execution, and inj","Master,Flower,Sweep,biomechanically,accurate"
frame,CRITICAL,BJJ Frame: White Belt Biomechanics Guide | BJJ Wiki,"Frame,White,Biomechanics,Guide",BJJ Frame: The Essential Defense for White Belts,"Frame,Essential,Defense,White,Belts","Master the BJJ Frame for defense! This biomechanically accurate guide for white belts explains precise grips, weight dis","Master,Frame,defense,biomechanically,accurate"
front-headlock,CRITICAL,Front Headlock BJJ: White Belt Guide | BJJ Wiki,"Front,Headlock,White,Guide",Front Headlock Position: A White Belt's Essential Guide,"Front,Headlock,Position,White,Essential",Master the Front Headlock position in BJJ with this biomechanically accurate guide for white belts. Learn safe execution,"Master,Front,Headlock,position,biomechanically"
granby-roll,CRITICAL,Granby Roll BJJ: White Belt Transition Guide | BJJ Wiki,"Granby,White,Transition,Guide",Granby Roll: A White Belt's Guide to BJJ Transitions,"Granby,White,Guide,Transitions",Master the Granby Roll in BJJ with this biomechanically accurate guide for white belts. Learn safe execution and common ,"Master,Granby,biomechanically,accurate,guide"
guard-pass,CRITICAL,BJJ Guard Pass: White Belt Guide | BJJ Wiki,"Guard,White,Guide",BJJ Guard Pass: The Essential White Belt Technique,"Guard,Essential,White,Technique",Master the foundational BJJ Guard Pass with this biomechanically precise guide for white belts. Learn safe execution and,"Master,foundational,Guard,biomechanically,precise"
guard-retention,CRITICAL,BJJ Guard Retention: White Belt Guide | BJJ Wiki,"Guard,Retention,White,Guide",BJJ Guard Retention: The White Belt's Foundation,"Guard,Retention,White,Foundation",Master BJJ Guard Retention with this biomechanically precise guide for white belts. Prevent guard passes and injury.,"Master,Guard,Retention,biomechanically,precise"
harai-goshi,CRITICAL,Harai Goshi BJJ: White Belt Guide | BJJ Wiki,"Harai,Goshi,White,Guide",Harai Goshi: A White Belt's Biomechanically Accurate Guide to BJJ,"Harai,Goshi,White,Biomechanically,Accurate","Master Harai Goshi in BJJ with this biomechanically accurate guide for white belts. Learn grips, execution, and common p","Master,Harai,Goshi,biomechanically,accurate"
headquarters-pass,CRITICAL,Headquarters Pass BJJ: White Belt Guide | BJJ Wiki,"Headquarters,White,Guide",Headquarters Pass: A White Belt's Biomechanically Accurate Guide,"Headquarters,White,Biomechanically,Accurate,Guide","Master the Headquarters Pass in BJJ with this biomechanically accurate guide for white belts. Learn grips, weight distri","Master,Headquarters,biomechanically,accurate,guide"
heel-hook,CRITICAL,Heel Hook BJJ: White Belt Guide | BJJ Wiki,"White,Guide",Heel Hook BJJ Technique Guide for White Belts,"Technique,Guide,White,Belts","Master the BJJ Heel Hook with this biomechanically accurate guide for white belts. Learn execution, risks, drills, and c","Master,biomechanically,accurate,guide,white"
hip-bump-sweep,CRITICAL,Hip Bump Sweep BJJ: White Belt Guide | BJJ Wiki,"Sweep,White,Guide",Mastering the Hip Bump Sweep in BJJ: A White Belt's Guide,"Mastering,Sweep,White,Guide","Learn the Hip Bump Sweep BJJ technique with this biomechanically accurate guide for white belts, focusing on safe execut","Learn,Sweep,technique,biomechanically,accurate"
hip-escape,CRITICAL,BJJ Hip Escape: White Belt Guide | BJJ Wiki,"Escape,White,Guide",BJJ Hip Escape: The Essential White Belt Technique,"Escape,Essential,White,Technique","Master the BJJ Hip Escape! This precise guide for white belts covers biomechanics, injury prevention, drills, and counte","Master,Escape,precise,guide,white"
inside-heel-hook,CRITICAL,Inside Heel Hook BJJ: White Belt Guide | BJJ Wiki,"Inside,White,Guide",Inside Heel Hook: A Precise BJJ Technique Guide for White Belts,"Inside,Precise,Technique,Guide,White","Learn the Inside Heel Hook in BJJ. Precise biomechanics, white belt warnings, and drill progressions from a black belt i","Learn,Inside,Precise,biomechanics,white"
ippon-seoi-nage,CRITICAL,Ippon Seoi Nage BJJ: White Belt Guide | BJJ Wiki,"Ippon,White,Guide",Ippon Seoi Nage: A White Belt's Biomechanically Precise Guide in BJJ,"Ippon,White,Biomechanically,Precise,Guide","Master Ippon Seoi Nage in BJJ with this biomechanically accurate guide for white belts. Learn grips, weight transfer, an","Master,Ippon,biomechanically,accurate,guide"
kimura,CRITICAL,Kimura BJJ: A White Belt&#x27;s Guide | BJJ Wiki,"Kimura,White,Guide",BJJ Kimura Technique Guide for White Belts,"Kimura,Technique,Guide,White,Belts","Master the Kimura in BJJ! This precise guide for white belts covers biomechanics, safety, drills, and counters for the i","Master,Kimura,precise,guide,white"
knee-bar,CRITICAL,BJJ Knee Bar: White Belt Guide | BJJ Wiki,"White,Guide",Beginner's Guide to the BJJ Knee Bar,"Beginner,Guide","Master the Knee Bar in BJJ with this biomechanically accurate guide for white belts. Learn safe execution, common mistak","Master,biomechanically,accurate,guide,white"
knee-on-belly,CRITICAL,Knee on Belly BJJ: White Belt Guide | BJJ Wiki,"Belly,White,Guide",Knee on Belly: A White Belt's Guide to BJJ Dominance,"Belly,White,Guide,Dominance","Master Knee on Belly in BJJ. Precise biomechanics for white belts, injury prevention, drills, and counters. Learn the es","Master,Belly,Precise,biomechanics,white"
knee-shield,WARNING,ニーシールドの技術解説 | BJJ Wiki,,ニーシールド（Knee Shield）— 完全技術解説,Shield,ニーシールド（Knee Shield）の正しい動き方・エントリー・スウィープ・よくあるミスを解説。ブラジリアン柔術のハーフガード技術。,Shield
knee-slice-pass,CRITICAL,Knee Slice Pass BJJ: White Belt Guide | BJJ Wiki,"Slice,White,Guide",Knee Slice Pass: The Essential BJJ Technique for White Belts,"Slice,Essential,Technique,White,Belts","Master the Knee Slice Pass in BJJ with this biomechanically accurate guide for white belts. Learn grips, weight distribu","Master,Slice,biomechanically,accurate,guide"
kneebar,WARNING,ニーバー — BJJレッグロック完全ガイド | BJJ Wiki,,ニーバー（Kneebar）：膝関節を攻撃するストレートレッグロック,Kneebar,ニーバーは膝関節を攻撃するBJJの危険なレッグロック。セットアップ・エントリー・フィニッシュメカニクス・ディフェンスを解説。,
lapel-choke,CRITICAL,BJJ Lapel Choke Guide for White Belts | BJJ Wiki,"Lapel,Choke,Guide,White,Belts",Precise Lapel Choke Technique for BJJ White Belts,"Precise,Lapel,Choke,Technique,White","Master the Lapel Choke in BJJ. This precise guide for white belts covers biomechanics, safety, and drills for effective ","Master,Lapel,Choke,precise,guide"
lasso-guard,CRITICAL,Lasso Guard BJJ: White Belt Guide | BJJ Wiki,"Lasso,Guard,White,Guide",Lasso Guard: A White Belt's Biomechanical Blueprint,"Lasso,Guard,White,Biomechanical,Blueprint","Master Lasso Guard BJJ with this biomechanically precise guide for white belts. Learn grips, sweeps, and avoid injuries.","Master,Lasso,Guard,biomechanically,precise"
leg-drag-pass,CRITICAL,Leg Drag Pass BJJ: White Belt Guide | BJJ Wiki,"White,Guide",Leg Drag Pass: Your First BJJ Guard Pass,"First,Guard","Master the Leg Drag Pass in BJJ with this biomechanically accurate guide for white belts. Learn grips, body positioning,","Master,biomechanically,accurate,guide,white"
modified-mount,CRITICAL,Modified Mount BJJ: White Belt Guide | BJJ Wiki,"Modified,Mount,White,Guide",Modified Mount: A Biomechanically Precise Guide for White Belts,"Modified,Mount,Biomechanically,Precise,Guide","Learn the Modified Mount in BJJ. A precise biomechanical guide for white belts, focusing on control and injury preventio","Learn,Modified,Mount,precise,biomechanical"
monoplata,CRITICAL,Monoplata BJJ: White Belt Biomechanics Guide | BJJ Wiki,"Monoplata,White,Biomechanics,Guide",Monoplata: A Biomechanically Precise Guide for BJJ White Belts,"Monoplata,Biomechanically,Precise,Guide,White","Master the Monoplata in BJJ with this biomechanically accurate guide for white belts. Learn grips, execution, and common","Master,Monoplata,biomechanically,accurate,guide"
morote-seoi-nage,CRITICAL,Morote Seoi Nage BJJ: White Belt Takedown | BJJ Wiki,"Morote,White,Takedown",Morote Seoi Nage: The Essential BJJ Takedown for White Belts,"Morote,Essential,Takedown,White,Belts","Master Morote Seoi Nage in BJJ with this biomechanically accurate guide for white belts. Learn grips, execution, and inj","Master,Morote,biomechanically,accurate,guide"
mount,CRITICAL,BJJ Mount: White Belt Biomechanics Guide | BJJ Wiki,"Mount,White,Biomechanics,Guide",BJJ Mount: The Foundation of Control,"Mount,Foundation,Control","Master the BJJ Mount position with this biomechanically precise guide for white belts. Learn safe execution, common erro","Master,Mount,position,biomechanically,precise"
north-south-choke,CRITICAL,North-South Choke BJJ: White Belt Guide | BJJ Wiki,"North,South,Choke,White,Guide",Beginner's Guide to the North-South Choke in BJJ,"Beginner,Guide,North,South,Choke","Master the North-South Choke in BJJ. This precise guide for white belts explains biomechanics, risks, drills, and counte","Master,North,South,Choke,precise"
north-south,CRITICAL,North-South BJJ Position Guide for White Belts | BJJ Wiki,"North,South,Position,Guide,White",North-South Position: A White Belt's Biomechanical Blueprint,"North,South,Position,White,Biomechanical","Master the North-South BJJ position with this biomechanically accurate guide for white belts. Learn grips, mechanics, dr","Master,North,South,position,biomechanically"
omoplata,CRITICAL,Omoplata BJJ: White Belt Guide | BJJ Wiki,"Omoplata,White,Guide",Omoplata: A Biomechanically Precise BJJ Guide for White Belts,"Omoplata,Biomechanically,Precise,Guide,White","Master the Omoplata in BJJ with this precise biomechanical guide for white belts. Learn setup, execution, and common mis","Master,Omoplata,precise,biomechanical,guide"
open-guard,CRITICAL,Open Guard BJJ: White Belt Guide | BJJ Wiki,"Guard,White,Guide",Open Guard: The Foundation of BJJ Control,"Guard,Foundation,Control","Master Open Guard in BJJ! A biomechanically precise guide for white belts, covering grips, safety, drills, and counters.","Master,Guard,biomechanically,precise,guide"
osoto-gari,CRITICAL,Osoto Gari BJJ: White Belt Takedown Guide | BJJ Wiki,"Osoto,White,Takedown,Guide",Osoto Gari: The Fundamental BJJ Takedown for White Belts,"Osoto,Fundamental,Takedown,White,Belts","Master Osoto Gari in BJJ. This white belt guide covers biomechanics, grips, drills, and injury prevention for this power","Master,Osoto,white,guide,covers"
outside-heel-hook,CRITICAL,Outside Heel Hook BJJ: White Belt Guide | BJJ Wiki,"Outside,White,Guide",Outside Heel Hook BJJ Technique Guide for White Belts,"Outside,Technique,Guide,White,Belts","Master the Outside Heel Hook in BJJ with this biomechanically precise guide for white belts. Learn safe execution, commo","Master,Outside,biomechanically,precise,guide"
overhead-sweep,CRITICAL,BJJ Overhead Sweep: White Belt Guide | BJJ Wiki,"Overhead,Sweep,White,Guide",BJJ Overhead Sweep: The Essential White Belt Guide,"Overhead,Sweep,Essential,White,Guide",Learn the Overhead Sweep BJJ technique for white belts. Precise biomechanics and safety for beginners. Master this sweep,"Learn,Overhead,Sweep,technique,white"
overhook,CRITICAL,BJJ Overhook: White Belt Guide | BJJ Wiki,"Overhook,White,Guide",BJJ Overhook: A White Belt's Biomechanical Guide,"Overhook,White,Biomechanical,Guide","Master the BJJ Overhook position with this biomechanically accurate guide for white belts. Learn setup, execution, and c","Master,Overhook,position,biomechanically,accurate"
pendulum-sweep,CRITICAL,Pendulum Sweep BJJ: White Belt Guide | BJJ Wiki,"Pendulum,Sweep,White,Guide",Pendulum Sweep: A White Belt's Biomechanically Accurate Guide to BJJ,"Pendulum,Sweep,White,Biomechanically,Accurate",Master the Pendulum Sweep in BJJ with this biomechanically accurate guide for white belts. Learn safe execution and comm,"Master,Pendulum,Sweep,biomechanically,accurate"
peruvian-necktie,WARNING,ペルービアンネクタイ：フロントヘッドロックから極めるチョーク | BJJ Wiki,,ペルービアンネクタイ（Peruvian Necktie）,"Peruvian,Necktie",ペルービアンネクタイの設定・仕上げ・カウンターを徹底解説。BJJとMMAで使われる強力なフロントヘッドロック系チョークを習得しよう。,
pressure-pass,CRITICAL,Pressure Pass BJJ: White Belt Guide | BJJ Wiki,"Pressure,White,Guide",Pressure Pass BJJ: The White Belt's Biomechanical Blueprint,"Pressure,White,Biomechanical,Blueprint","Master the Pressure Pass in BJJ with this biomechanically accurate guide for white belts. Learn grips, weight distributi","Master,Pressure,biomechanically,accurate,guide"
rear-naked-choke,CRITICAL,Rear Naked Choke BJJ: White Belt Guide | BJJ Wiki,"Naked,Choke,White,Guide",Rear Naked Choke: The Essential BJJ Technique for White Belts,"Naked,Choke,Essential,Technique,White",Master the Rear Naked Choke in BJJ with this biomechanically precise guide for white belts. Learn safe and effective tec,"Master,Naked,Choke,biomechanically,precise"
reverse-de-la-riva,CRITICAL,Reverse De La Riva BJJ Technique Guide | BJJ Wiki,"Reverse,Technique,Guide",Reverse De La Riva Guard: A White Belt's Biomechanical Guide,"Reverse,Guard,White,Biomechanical,Guide","Master the Reverse De La Riva guard in BJJ with this biomechanically accurate guide for white belts. Learn grips, mechan","Master,Reverse,guard,biomechanically,accurate"
rubber-guard,CRITICAL,Rubber Guard BJJ: White Belt Guide | BJJ Wiki,"Rubber,Guard,White,Guide",Rubber Guard: A White Belt's Biomechanically Accurate Guide,"Rubber,Guard,White,Biomechanically,Accurate","Master Rubber Guard BJJ with this biomechanically precise guide for white belts. Learn grips, body mechanics, and injury","Master,Rubber,Guard,biomechanically,precise"
russian-tie,CRITICAL,Russian Tie BJJ Takedown Guide for White Belts | BJJ Wiki,"Russian,Takedown,Guide,White,Belts",Russian Tie: A Biomechanically Precise BJJ Takedown Guide for White Belts,"Russian,Biomechanically,Precise,Takedown,Guide","Master the Russian Tie in BJJ. This precise biomechanical guide for white belts details grips, weight transfer, and inju","Master,Russian,precise,biomechanical,guide"
s-mount,CRITICAL,S-Mount BJJ: The Ultimate White Belt Guide | BJJ Wiki,"Mount,Ultimate,White,Guide",S-Mount: Your Biomechanically Precise BJJ Guide,"Mount,Biomechanically,Precise,Guide","Master the S-Mount in BJJ with this biomechanically accurate guide for white belts. Learn grips, drills, and common mist","Master,Mount,biomechanically,accurate,guide"
scissor-sweep,CRITICAL,BJJ Scissor Sweep: White Belt Guide | BJJ Wiki,"Scissor,Sweep,White,Guide",BJJ Scissor Sweep: A White Belt's Biomechanical Guide,"Scissor,Sweep,White,Biomechanical,Guide","Master the BJJ Scissor Sweep with this biomechanically accurate guide for white belts. Learn precise grips, body mechani","Master,Scissor,Sweep,biomechanically,accurate"
seat-belt-control,CRITICAL,BJJ Seat Belt Control: White Belt Guide | BJJ Wiki,"Control,White,Guide",Mastering Seat Belt Control in Brazilian Jiu-Jitsu,"Mastering,Control","Master Seat Belt Control in BJJ. This guide provides biomechanically accurate instructions for white belts, focusing on ","Master,Control,guide,provides,biomechanically"
shrimp-escape,CRITICAL,Shrimp Escape BJJ: White Belt Guide | BJJ Wiki,"Shrimp,Escape,White,Guide",Shrimp Escape: The Essential BJJ Technique for White Belts,"Shrimp,Escape,Essential,Technique,White","Master the Shrimp Escape in BJJ. This guide provides biomechanically accurate instructions for white belts, minimizing i","Master,Shrimp,Escape,guide,provides"
sickle-sweep,CRITICAL,Sickle Sweep BJJ: White Belt Guide | BJJ Wiki,"Sickle,Sweep,White,Guide",Mastering the Sickle Sweep in BJJ: A White Belt Guide,"Mastering,Sickle,Sweep,White,Guide",Learn the Sickle Sweep BJJ technique with this biomechanically accurate guide for white belts. Master the mechanics and ,"Learn,Sickle,Sweep,technique,biomechanically"
single-leg-takedown,CRITICAL,BJJ Single Leg Takedown Guide for White Belts | BJJ Wiki,"Single,Takedown,Guide,White,Belts",Precise Single Leg Takedown Technique for BJJ White Belts,"Precise,Single,Takedown,Technique,White","Master the Single Leg Takedown in BJJ with this biomechanically accurate guide for white belts. Learn grips, execution, ","Master,Single,Takedown,biomechanically,accurate"
sitting-guard,CRITICAL,Sitting Guard BJJ: White Belt Guide | BJJ Wiki,"Sitting,Guard,White,Guide",Sitting Guard: Your First BJJ Guard,"Sitting,Guard,First,Guard","Master Sitting Guard BJJ for white belts. Learn biomechanics, drills, and common mistakes to build a strong guard founda","Master,Sitting,Guard,white,belts"
smash-pass,CRITICAL,Smash Pass BJJ: White Belt Biomechanics Guide | BJJ Wiki,"Smash,White,Biomechanics,Guide",Smash Pass: A Biomechanically Precise BJJ Guide for White Belts,"Smash,Biomechanically,Precise,Guide,White","Master the Smash Pass in BJJ with this biomechanically accurate guide for white belts. Learn grips, weight distribution,","Master,Smash,biomechanically,accurate,guide"
snap-down,CRITICAL,Snap Down BJJ: White Belt Guide | BJJ Wiki,"White,Guide",Snap Down Takedown for BJJ White Belts,"Takedown,White,Belts","Learn the Snap Down BJJ takedown with this biomechanically accurate guide for white belts. Perfect for beginners, minimi","Learn,takedown,biomechanically,accurate,guide"
spider-guard,CRITICAL,Spider Guard BJJ for White Belts | BJJ Wiki,"Spider,Guard,White,Belts",Spider Guard: A Biomechanically Precise BJJ Guide for White Belts,"Spider,Guard,Biomechanically,Precise,Guide","Master Spider Guard BJJ. Precise biomechanics guide for white belts, covering grips, movements, injury prevention, and d","Master,Spider,Guard,Precise,biomechanics"
sprawl,CRITICAL,BJJ Sprawl: White Belt Guide for Defense | BJJ Wiki,"Sprawl,White,Guide,Defense",Mastering the Sprawl in BJJ: A White Belt's Essential Guide,"Mastering,Sprawl,White,Essential,Guide","Master the BJJ Sprawl! This biomechanically precise guide for white belts details the sprawl technique, common errors, a","Master,Sprawl,biomechanically,precise,guide"
stack-pass,CRITICAL,Stack Pass BJJ: White Belt Guide | BJJ Wiki,"Stack,White,Guide",Stack Pass BJJ: The White Belt's Biomechanical Guide,"Stack,White,Biomechanical,Guide","Master the Stack Pass in BJJ. A biomechanically precise guide for white belts, covering technique, warnings, drills, and","Master,Stack,biomechanically,precise,guide"
stand-in-base,CRITICAL,Stand In Base BJJ: White Belt Guide | BJJ Wiki,"Stand,White,Guide",Stand In Base: The White Belt's Guide to Safe Transitions,"Stand,White,Guide,Transitions","Learn Stand In Base BJJ for white belts. Precise biomechanics, injury prevention, and drills for this crucial transition","Learn,Stand,white,belts,Precise"
straight-armbar,CRITICAL,BJJ Straight Armbar: White Belt Guide | BJJ Wiki,"Straight,Armbar,White,Guide",BJJ Straight Armbar: Your First Joint Lock,"Straight,Armbar,First,Joint","Master the Straight Armbar in BJJ. This precise guide for white belts covers biomechanics, safety, drills, and counters ","Master,Straight,Armbar,precise,guide"
toe-hold,CRITICAL,BJJ Toe Hold: White Belt Biomechanics Guide | BJJ Wiki,"White,Biomechanics,Guide",Precision BJJ Toe Hold Technique for White Belts,"Precision,Technique,White,Belts","Learn the BJJ Toe Hold with this precise biomechanical guide for white belts. Understand grips, execution, and injury pr","Learn,precise,biomechanical,guide,white"
torreando-pass,CRITICAL,Torreando Pass BJJ: White Belt Guide | BJJ Wiki,"Torreando,White,Guide",Torreando Pass: A White Belt's Biomechanical Guide,"Torreando,White,Biomechanical,Guide","Master the Torreando Pass in BJJ with this biomechanically accurate guide for white belts. Learn grips, movement, and co","Master,Torreando,biomechanically,accurate,guide"
triangle-choke,CRITICAL,Triangle Choke BJJ: White Belt Guide | BJJ Wiki,"Triangle,Choke,White,Guide",Triangle Choke: A White Belt's Biomechanically Accurate Guide,"Triangle,Choke,White,Biomechanically,Accurate","Master the Triangle Choke in BJJ with this biomechanically accurate guide for white belts. Learn grips, mechanics, drill","Master,Triangle,Choke,biomechanically,accurate"
tripod-sweep,CRITICAL,Tripod Sweep BJJ: White Belt Guide | BJJ Wiki,"Tripod,Sweep,White,Guide",Tripod Sweep: Your First BJJ Sweep,"Tripod,Sweep,First,Sweep","Master the Tripod Sweep in BJJ. Precise biomechanics, white belt warnings, drills, and counters for beginners.","Master,Tripod,Sweep,Precise,biomechanics"
underhook,CRITICAL,Underhook BJJ: White Belt Biomechanics Guide | BJJ Wiki,"Underhook,White,Biomechanics,Guide",BJJ Underhook: A Precise Guide for White Belts,"Underhook,Precise,Guide,White,Belts","Master the BJJ Underhook with precise biomechanical instruction for white belts. Learn grips, weight transfer, and avoid","Master,Underhook,precise,biomechanical,instruction"
worm-guard,CRITICAL,Worm Guard BJJ: White Belt Guide | BJJ Wiki,"Guard,White,Guide",Worm Guard BJJ: A White Belt's Biomechanical Blueprint,"Guard,White,Biomechanical,Blueprint","Master Worm Guard BJJ with this precise, biomechanically accurate guide for white belts. Learn grips, execution, and inj","Master,Guard,precise,biomechanically,accurate"
wrist-lock,CRITICAL,BJJ Wrist Lock: White Belt Guide | BJJ Wiki,"Wrist,White,Guide",Precise Wrist Lock Technique for BJJ White Belts,"Precise,Wrist,Technique,White,Belts","Learn the BJJ Wrist Lock technique precisely. This guide for white belts covers biomechanics, injury risks, drills, and ","Learn,Wrist,technique,precisely,guide"
x-guard-sweep,CRITICAL,X-Guard Sweep BJJ: White Belt Technique Guide | BJJ Wiki,"Guard,Sweep,White,Technique,Guide",Mastering the X-Guard Sweep: A Biomechanical Guide for BJJ White Belts,"Mastering,Guard,Sweep,Biomechanical,Guide","Learn the X-Guard Sweep in BJJ. A precise biomechanical guide for white belts, focusing on safety and effective executio","Learn,Guard,Sweep,precise,biomechanical"
x-guard,CRITICAL,X-Guard BJJ: White Belt Biomechanics Guide | BJJ Wiki,"Guard,White,Biomechanics,Guide",X-Guard: A Biomechanically Precise BJJ Guide for White Belts,"Guard,Biomechanically,Precise,Guide,White","Master the X-Guard in BJJ. This guide provides biomechanically accurate instruction for white belts, focusing on safety ","Master,Guard,guide,provides,biomechanically"
x-pass,CRITICAL,X-Pass BJJ: A White Belt&#x27;s Guide | BJJ Wiki,"White,Guide",X-Pass BJJ Technique for White Belts,"Technique,White,Belts","Master the X-Pass in BJJ with this biomechanically accurate guide for white belts. Learn grips, execution, and common pi","Master,biomechanically,accurate,guide,white"
z-guard,CRITICAL,Z-Guard BJJ: White Belt Biomechanics Guide | BJJ Wiki,"Guard,White,Biomechanics,Guide",Z-Guard BJJ: A White Belt's Biomechanical Blueprint,"Guard,White,Biomechanical,Blueprint","Master the Z-Guard in BJJ with this biomechanically precise guide for white belts. Learn essential techniques, avoid inj","Master,Guard,biomechanically,precise,guide"
