locale,slug,reason,word_count,title
en,bjj-absolute-division-bjj,doubled-bjj-suffix,1284,"Absolute Division Strategy"
en,bjj-active-recovery-bjj,doubled-bjj-suffix,1212,"Active Recovery Techniques"
en,bjj-adaptation-bjj,doubled-bjj-suffix,1257,"Adaptation in BJJ Training"
en,bjj-advantage-system-bjj,doubled-bjj-suffix,1542,"Advantage System in BJJ | IBJJF"
en,bjj-after-competition-bjj,doubled-bjj-suffix,1159,"Post-Competition Analysis"
en,bjj-analyzing-tape-bjj,doubled-bjj-suffix,1226,"Analyzing Your Own Footage"
en,bjj-arm-collection-bjj,doubled-bjj-suffix,1297,"Arm Collection Techniques"
en,bjj-arm-control-bjj,doubled-bjj-suffix,1257,"Arm Control Principles"
en,bjj-armbar-details-bjj,doubled-bjj-suffix,1152,"Armbar Finishing Details"
en,bjj-armpit-control-bjj,doubled-bjj-suffix,1267,"Armpit Control Technique Guide"
en,bjj-athlete-mindset,soft-topic:mindset,991,"BJJ Athlete Mindset: Train Like the Champions Do | BJJ App Wiki"
en,bjj-balance-in-bjj,doubled-bjj-suffix,1192,"Balance Development in BJJ"
en,bjj-balance-training-bjj,doubled-bjj-suffix,1045,"Balance & Coordination Training for BJJ"
en,bjj-balloon-sweep-bjj,doubled-bjj-suffix,1233,"Balloon Sweep (Sumi Gaeshi)"
en,bjj-base-in-bjj,doubled-bjj-suffix,1598,"Base in BJJ | Stability Fundamentals"
en,bjj-beginner-mind-bjj,doubled-bjj-suffix,1447,"Beginner Mind in BJJ"
en,bjj-between-matches-bjj,doubled-bjj-suffix,1121,"Managing Between Matches"
en,bjj-black-belt-mindset,soft-topic:mindset,1556,"BJJ Black Belt Mindset: What It Takes and What It Really Means"
en,bjj-body-mechanic-bjj,doubled-bjj-suffix,1402,"Body Mechanics in BJJ"
en,bjj-breakdown-technique-bjj,doubled-bjj-suffix,1282,"Breaking Down Techniques"
en,bjj-breath-control-bjj,doubled-bjj-suffix,948,"Breathing & Breath Control in BJJ Competition"
en,bjj-clinch-work-bjj,doubled-bjj-suffix,1050,"Clinch Work & Takedowns: BJJ Standup"
en,bjj-combination-attacks-bjj,doubled-bjj-suffix,1493,"Combination Attack Theory in BJJ"
en,bjj-competition-anxiety,soft-topic:anxiety,1301,"Handling Competition Anxiety in BJJ"
en,bjj-competition-day-nutrition,soft-topic:nutrition,1235,"Competition Day Nutrition"
en,bjj-competition-diet-guide,soft-topic:diet,1368,"BJJ Competition Diet Guide — Nutrition Strategy for Tournament Day"
en,bjj-competition-mindset,soft-topic:mindset,1246,"Competition Mindset for BJJ: Mental Skills for Tournament Success"
en,bjj-competition-warmup-bjj,doubled-bjj-suffix,1091,"Competition Warm-Up Routine"
en,bjj-compression-locks-bjj,doubled-bjj-suffix,1228,"Compression Locks Overview"
en,bjj-conceptual-bjj,doubled-bjj-suffix,1351,"Conceptual BJJ Approach to Techniques"
en,bjj-conceptual-learning-bjj,doubled-bjj-suffix,1339,"BJJ Conceptual Learning Guide | BJJ App Wiki"
en,bjj-confidence-bjj,doubled-bjj-suffix,1200,"Building Confidence in BJJ"
en,bjj-consistency-bjj,doubled-bjj-suffix,1176,"Consistency in BJJ Training"
en,bjj-cool-down-guide-bjj,doubled-bjj-suffix,1197,"Cool Down After Training"
en,bjj-coordination-bjj,doubled-bjj-suffix,1209,"Coordination Drills for BJJ"
en,bjj-copy-elite-bjj,doubled-bjj-suffix,1244,"Copying Elite BJJ Players"
en,bjj-counter-attack-bjj,doubled-bjj-suffix,1380,"Counter-Attack Theory in BJJ"
en,bjj-creating-angles-bjj,doubled-bjj-suffix,1304,"Creating Angles in BJJ"
en,bjj-curriculum-bjj,doubled-bjj-suffix,1160,"BJJ Curriculum Design"
en,bjj-cutting-weight-bjj,doubled-bjj-suffix,1405,"Weight Cutting for BJJ"
en,bjj-diet-for-bjj,doubled-bjj-suffix,1555,"Diet For Bjj Guide"
en,bjj-diet-nutrition,soft-topic:nutrition,1286,"BJJ Diet & Nutrition Guide for Grapplers | BJJ App Wiki"
en,bjj-distance-management-bjj,doubled-bjj-suffix,1371,"Distance Management Guide | BJJ App Wiki"
en,bjj-drilling-routines-bjj,doubled-bjj-suffix,1202,"Daily Drilling Routines"
en,bjj-ego-in-bjj,doubled-bjj-suffix,1323,"Ego and BJJ Training"
en,bjj-elbow-control-bjj,doubled-bjj-suffix,1266,"Elbow Control in BJJ"
en,bjj-endurance-game-bjj,doubled-bjj-suffix,1156,"Endurance-Based BJJ Game"
en,bjj-explosive-power-bjj,doubled-bjj-suffix,1366,"Explosive Power for BJJ Techniques"
en,bjj-feel-in-bjj,doubled-bjj-suffix,1396,"Developing Feel in Brazilian Jiu-Jitsu"
en,bjj-feint-techniques-bjj,doubled-bjj-suffix,1449,"Feints and Misdirection in BJJ"
en,bjj-film-study-bjj,doubled-bjj-suffix,1234,"Film Study Techniques"
en,bjj-first-year-bjj,doubled-bjj-suffix,1229,"First Year BJJ Guide"
en,bjj-flexibility-for-bjj,doubled-bjj-suffix,1029,"Flexibility Training for BJJ Injury Prevention"
en,bjj-flexibility-training-bjj,doubled-bjj-suffix,1341,"Flexibility Training for BJJ | BJJ App Wiki"
en,bjj-floating-pass-bjj,doubled-bjj-suffix,1177,"Floating Pass Technique"
en,bjj-flow-state-bjj,doubled-bjj-suffix,1277,"Achieving Flow State in BJJ"
en,bjj-foam-rolling-bjj,doubled-bjj-suffix,1226,"Foam Rolling for BJJ"
en,bjj-focus-techniques-bjj,doubled-bjj-suffix,1405,"Focus and Concentration Techniques"
en,bjj-foot-sweeps-bjj,doubled-bjj-suffix,1233,"BJJ Foot Sweeps Guide | BJJ App Wiki"
en,bjj-framing-in-bjj,doubled-bjj-suffix,1571,"Framing in BJJ | Effective Frames"
en,bjj-front-headlock-bjj,doubled-bjj-suffix,1266,"Front Headlock System in BJJ | BJJ App Wiki"
en,bjj-game-planning-bjj,doubled-bjj-suffix,1400,"Game Planning Strategy | BJJ App Wiki"
en,bjj-game-theory-bjj,doubled-bjj-suffix,1400,"BJJ Game Theory Guide | BJJ App Wiki"
en,bjj-gift-wrapping-bjj,doubled-bjj-suffix,1362,"Gift Wrap From Back Control"
en,bjj-grip-strength-bjj,doubled-bjj-suffix,1426,"Grip Strength Training for BJJ"
en,bjj-guard-engagement-bjj,doubled-bjj-suffix,1212,"Guard Engagement Principles"
en,bjj-harai-goshi-bjj,doubled-bjj-suffix,1372,"Harai Goshi for BJJ | BJJ App Wiki"
en,bjj-head-control-bjj,doubled-bjj-suffix,1203,"Head Control Fundamentals"
en,bjj-hip-mobility-bjj,doubled-bjj-suffix,1425,"Hip Mobility Exercises for BJJ"
en,bjj-hydration-bjj,doubled-bjj-suffix,1210,"Hydration for BJJ"
en,bjj-ice-bath-bjj,doubled-bjj-suffix,1254,"Cold Therapy for Recovery"
en,bjj-initiative-bjj,doubled-bjj-suffix,1407,"Taking Initiative in BJJ"
en,bjj-inside-step-bjj,doubled-bjj-suffix,1243,"Inside Step Technique"
en,bjj-inversion-guide-bjj,doubled-bjj-suffix,1383,"Inversion Movements for BJJ"
en,bjj-inverted-guard-bjj,doubled-bjj-suffix,1264,"Inverted Guard Techniques"
en,bjj-judo-for-bjj,doubled-bjj-suffix,1202,"Judo for BJJ: Throws, Grips and Groundwork Integration | BJJ App Wiki"
en,bjj-judo-throws-for-bjj,doubled-bjj-suffix,1435,"Judo Throws for BJJ | Best Trips, Sweeps & Sacrifice Throws"
en,bjj-jumping-guard-bjj,doubled-bjj-suffix,1407,"Jumping Guard Technique"
en,bjj-kimura-details-bjj,doubled-bjj-suffix,1195,"Kimura Complete Details"
en,bjj-knee-health-bjj,doubled-bjj-suffix,1465,"Knee Health for BJJ Grapplers"
en,bjj-kouchi-gari-bjj,doubled-bjj-suffix,1389,"Kouchi Gari for BJJ | BJJ App Wiki"
en,bjj-kuzushi-bjj,doubled-bjj-suffix,1554,"Kuzushi Bjj.Html Guide"
en,bjj-late-defense-bjj,doubled-bjj-suffix,1279,"Late Defensive Techniques in BJJ"
en,bjj-learning-styles-bjj,doubled-bjj-suffix,1357,"BJJ Learning Styles Guide | BJJ App Wiki"
en,bjj-leg-lock-safety-bjj,doubled-bjj-suffix,1241,"Leg Lock Safety in Training"
en,bjj-leg-pummeling-bjj,doubled-bjj-suffix,1169,"Leg Pummeling in Guard"
en,bjj-legacy-in-bjj,doubled-bjj-suffix,1162,"Legacy and Contribution in BJJ"
en,bjj-leverage-principles-bjj,doubled-bjj-suffix,1365,"Leverage Principles in BJJ"
en,bjj-long-game-bjj,doubled-bjj-suffix,1380,"Long Game in BJJ | BJJ App Wiki"
en,bjj-longevity-bjj,doubled-bjj-suffix,1484,"Longevity Bjj Guide"
en,bjj-longevity-guide,soft-topic:longevity,1400,"BJJ Longevity Guide | Train Into Your 50s, 60s & Beyond"
en,bjj-losing-in-bjj,doubled-bjj-suffix,1173,"Losing Gracefully in BJJ"
en,bjj-massage-therapy-bjj,doubled-bjj-suffix,1078,"Massage Therapy for BJJ"
en,bjj-mental-game,soft-topic:mental,1242,"BJJ Mental Game — Psychology & Mindset for Grapplers"
en,bjj-mental-performance,soft-topic:mental,1373,"Mental Performance in BJJ"
en,bjj-mental-preparation,soft-topic:mental,1405,"BJJ Mental Preparation: Mindset, Visualization, and Competition Psychology"
en,bjj-mindfulness-bjj,doubled-bjj-suffix,1532,"Mindfulness Bjj Guide"
en,bjj-mindset-for-beginners,soft-topic:mindset,1205,"BJJ Mindset for Beginners: Embrace Tapping & Progress | BJJ App Wiki"
en,bjj-motivation-bjj,doubled-bjj-suffix,1221,"Staying Motivated in BJJ"
en,bjj-never-stop-learning-bjj,doubled-bjj-suffix,1327,"Continuous Learning in BJJ"
en,bjj-nutrition-guide,soft-topic:nutrition,1266,"BJJ Nutrition Guide: What to Eat to Train and Compete Better"
en,bjj-nutrition-science,soft-topic:nutrition,1207,"Nutrition Science for BJJ Athletes: Evidence-Based Fueling"
en,bjj-nutrition-timing,soft-topic:nutrition,1223,"Nutrition Timing for BJJ"
en,bjj-offense-first-bjj,doubled-bjj-suffix,1142,"Offense-First BJJ | Building an Attacking Mindset"
en,bjj-older-athlete-bjj,doubled-bjj-suffix,1084,"BJJ for Older Athletes — Training Smart After 40"
en,bjj-osoto-gari-bjj,doubled-bjj-suffix,1343,"Osoto Gari for BJJ | BJJ App Wiki"
en,bjj-overhead-sweep-bjj,doubled-bjj-suffix,1194,"Overhead Sweep Technique"
en,bjj-overhook-system-bjj,doubled-bjj-suffix,1323,"Overhook System (Whizzer)"
en,bjj-overtime-strategy-bjj,doubled-bjj-suffix,1531,"Overtime Strategy in BJJ | EBI & IBJJF"
en,bjj-overtraining-signs-bjj,doubled-bjj-suffix,1167,"Recognizing Overtraining in BJJ"
en,bjj-passing-concepts-bjj,doubled-bjj-suffix,1291,"Core Guard Passing Concepts"
en,bjj-peak-performance-guide,soft-topic:performance,1317,"BJJ Peak Performance Guide | BJJ App Wiki"
en,bjj-peak-performance,soft-topic:performance,1216,"BJJ Peak Performance Timing | BJJ App Wiki"
en,bjj-penalty-avoidance-bjj,doubled-bjj-suffix,1309,"Avoiding Penalties in BJJ"
en,bjj-pendulum-sweep-bjj,doubled-bjj-suffix,1160,"Pendulum Sweep Details"
en,bjj-periodization-bjj,doubled-bjj-suffix,1330,"Periodization for BJJ Athletes"
en,bjj-plateaus-bjj,doubled-bjj-suffix,1134,"Overcoming BJJ Plateaus"
en,bjj-post-training-nutrition,soft-topic:nutrition,1125,"Post-Training Nutrition"
en,bjj-pre-training-nutrition,soft-topic:nutrition,1148,"Pre-Training Nutrition"
en,bjj-principle-based-bjj,doubled-bjj-suffix,1221,"Principle-Based BJJ Training"
en,bjj-proactive-bjj,doubled-bjj-suffix,1262,"Proactive BJJ Approach"
en,bjj-probing-attacks-bjj,doubled-bjj-suffix,1352,"Probing Attacks in BJJ"
en,bjj-problem-solving-bjj,doubled-bjj-suffix,1202,"Problem Solving in BJJ | BJJ App Wiki"
en,bjj-progressive-overload-bjj,doubled-bjj-suffix,1283,"Progressive Overload in BJJ"
en,bjj-proprioception-bjj,doubled-bjj-suffix,1195,"Proprioception in Grappling"
en,bjj-protein-for-bjj,doubled-bjj-suffix,1045,"Protein Intake for BJJ"
en,bjj-reaction-based-bjj,doubled-bjj-suffix,1252,"Reaction-Based BJJ Game | Adaptive Strategy"
en,bjj-reaction-training-bjj,doubled-bjj-suffix,1172,"BJJ Reaction Training | Developing Automatic Responses"
en,bjj-reading-opponent-bjj,doubled-bjj-suffix,1338,"Reading Your Opponent in BJJ"
en,bjj-reaping-rules-bjj,doubled-bjj-suffix,1247,"Reaping Rules in BJJ | BJJ App Wiki"
en,bjj-recovery-protocol-bjj,doubled-bjj-suffix,1534,"Recovery Protocol Bjj Guide"
en,bjj-recovery-protocols-bjj,doubled-bjj-suffix,1251,"Recovery Protocols for BJJ Training"
en,bjj-referee-position-bjj,doubled-bjj-suffix,1228,"Referee Position Escapes"
en,bjj-referee-understanding,soft-topic:understanding,1304,"BJJ Referee Rules Understanding Guide | BJJ App Wiki"
en,bjj-resilience-bjj,doubled-bjj-suffix,1332,"Building Resilience in BJJ"
en,bjj-sambo-for-bjj,doubled-bjj-suffix,1364,"Sambo for BJJ | Leg Locks & Wrestling Skills from Russian Martial Art"
en,bjj-seoi-nage-bjj,doubled-bjj-suffix,1251,"Seoi Nage for BJJ | BJJ App Wiki"
en,bjj-setup-principles-bjj,doubled-bjj-suffix,1345,"BJJ Attack Setup Principles"
en,bjj-shot-defense-bjj,doubled-bjj-suffix,1190,"Defending Wrestling Shots | BJJ App Wiki"
en,bjj-shoulder-health-bjj,doubled-bjj-suffix,1276,"Shoulder Health for Grapplers"
en,bjj-single-leg-counter-bjj,doubled-bjj-suffix,1211,"Single Leg Counter Techniques | Advanced BJJ"
en,bjj-single-leg-defense-bjj,doubled-bjj-suffix,1181,"Single Leg Defense in BJJ | Complete Guide"
en,bjj-situational-awareness-bjj,doubled-bjj-suffix,1441,"Situational Awareness Bjj Guide"
en,bjj-sleep-for-bjj,doubled-bjj-suffix,1476,"Sleep For Bjj Guide"
en,bjj-sleep-performance,soft-topic:performance,1251,"BJJ Sleep & Performance | How Rest Transforms Your Game"
en,bjj-small-person-bjj,doubled-bjj-suffix,1359,"BJJ for Small People — Techniques and Guards That Work for Smaller Builds"
en,bjj-sparring-partners-bjj,doubled-bjj-suffix,1143,"Managing Sparring Partners"
en,bjj-specific-training-bjj,doubled-bjj-suffix,1194,"Specificity of BJJ Training"
en,bjj-speed-advantage-bjj,doubled-bjj-suffix,1123,"Using Speed Advantage in BJJ"
en,bjj-sprawl-guide-bjj,doubled-bjj-suffix,1281,"Sprawl Technique in BJJ | BJJ App Wiki"
en,bjj-stacking-opponent-bjj,doubled-bjj-suffix,1281,"Stacking for Guard Passing"
en,bjj-stalling-rules-bjj,doubled-bjj-suffix,1554,"Stalling Rules in BJJ | IBJJF"
en,bjj-stance-footwork-bjj,doubled-bjj-suffix,1256,"Stance and Footwork Guide | BJJ App Wiki"
en,bjj-strength-in-bjj,doubled-bjj-suffix,1272,"Using Strength Advantages in BJJ"
en,bjj-strength-training-bjj,doubled-bjj-suffix,1294,"Strength Training for Grapplers"
en,bjj-stress-management-bjj,doubled-bjj-suffix,1495,"Stress Management Bjj Guide"
en,bjj-stripes-system-bjj,doubled-bjj-suffix,1136,"Stripes and Interim Grades"
en,bjj-submission-hunting-bjj,doubled-bjj-suffix,1209,"Submission Hunting in Competition"
en,bjj-submission-timing-bjj,doubled-bjj-suffix,1317,"Submission Timing in BJJ"
en,bjj-survival-position-bjj,doubled-bjj-suffix,1144,"Survival Positions in BJJ"
en,bjj-systematic-study-bjj,doubled-bjj-suffix,1287,"BJJ Systematic Study Guide | BJJ App Wiki"
en,bjj-tap-early-bjj,doubled-bjj-suffix,1278,"Tapping and Ego in BJJ"
en,bjj-tap-protocols-bjj,doubled-bjj-suffix,1107,"Tapping Protocols and Etiquette"
en,bjj-teach-to-learn-bjj,doubled-bjj-suffix,1256,"BJJ Teach to Learn Guide | BJJ App Wiki"
en,bjj-teaching-bjj,doubled-bjj-suffix,1166,"Teaching BJJ to Others"
en,bjj-team-scoring-bjj,doubled-bjj-suffix,1199,"Team Scoring in BJJ"
en,bjj-three-year-bjj,doubled-bjj-suffix,1165,"Three Year BJJ Journey"
en,bjj-tie-up-control-bjj,doubled-bjj-suffix,1256,"Tie-Up Control in BJJ"
en,bjj-tight-submissions-bjj,doubled-bjj-suffix,1174,"Getting Tight Submissions"
en,bjj-time-management-bjj,doubled-bjj-suffix,1385,"Time Management in Competition"
en,bjj-timing-in-bjj,doubled-bjj-suffix,1186,"Timing Development in BJJ"
en,bjj-tomoe-nage-bjj,doubled-bjj-suffix,1132,"Tomoe Nage for BJJ"
en,bjj-trips-and-throws-bjj,doubled-bjj-suffix,1335,"Trips and Throws for BJJ"
en,bjj-two-on-one-bjj,doubled-bjj-suffix,1351,"Two-on-One Grip for BJJ | BJJ App Wiki"
en,bjj-underhook-system-bjj,doubled-bjj-suffix,1263,"Underhook Control System"
en,bjj-understanding-bjj,doubled-bjj-suffix,1168,"Deeper Understanding of BJJ"
en,bjj-visualization-bjj,doubled-bjj-suffix,1274,"Visualization Techniques for BJJ"
en,bjj-weight-advantage-bjj,doubled-bjj-suffix,1154,"Using Weight Advantage in BJJ"
en,bjj-weight-class-bjj,doubled-bjj-suffix,1168,"Weight Class Competition"
en,bjj-wrestling-for-bjj,doubled-bjj-suffix,1379,"Wrestling for BJJ — How to Integrate Takedowns into Your Jiu-Jitsu Game"
en,bjj-wrestling-takedown-for-bjj,doubled-bjj-suffix,1549,"Wrestling Takedowns for BJJ — Complete Integration Guide"
en,bjj-wrist-control-bjj,doubled-bjj-suffix,1310,"Wrist Control Techniques"
en,gi-vs-nogi-bjj,doubled-bjj-suffix,1582,"Gi vs No-Gi BJJ | Complete Comparison Guide"
en,how-long-to-black-belt-bjj,doubled-bjj-suffix,1308,"How Long Does It Take to Get a BJJ Black Belt? | BJJ App Wiki"
ja,bjj-absolute-division-bjj,doubled-bjj-suffix,443,"【BJJ】アブソリュート大会の戦略"
ja,bjj-active-recovery-bjj,doubled-bjj-suffix,485,"【BJJ】アクティブリカバリー技法"
ja,bjj-adaptation-bjj,doubled-bjj-suffix,470,"【BJJ】相手への適応スキル"
ja,bjj-advantage-system-bjj,doubled-bjj-suffix,445,"BJJアドバンテージシステム | BJJ App Wiki"
ja,bjj-after-competition-bjj,doubled-bjj-suffix,388,"【BJJ】試合後の分析 | BJJ App Wiki"
ja,bjj-analyzing-tape-bjj,doubled-bjj-suffix,472,"【BJJ】自分の動画を分析する方法"
ja,bjj-arm-collection-bjj,doubled-bjj-suffix,492,"【BJJ】アームコレクションテクニック | BJJ App Wiki"
ja,bjj-arm-control-bjj,doubled-bjj-suffix,512,"【BJJ】アームコントロールの原則 | BJJ App Wiki"
ja,bjj-armbar-details-bjj,doubled-bjj-suffix,400,"【BJJ】アームバー詳細ガイド | BJJ App Wiki"
ja,bjj-armpit-control-bjj,doubled-bjj-suffix,376,"【BJJ】アームピットコントロールテクニックガイド | BJJ App Wiki"
ja,bjj-athlete-mindset,soft-topic:mindset,253,"BJJアスリートマインドセット：チャンピオンのように練習する | BJJ App Wiki"
ja,bjj-balance-in-bjj,doubled-bjj-suffix,378,"【BJJ】バランスの習得 | BJJ App Wiki"
ja,bjj-balance-training-bjj,doubled-bjj-suffix,295,"BJJバランスと調整トレーニング"
ja,bjj-balloon-sweep-bjj,doubled-bjj-suffix,403,"【BJJ】バルーンスイープ（隅返） | BJJ App Wiki"
ja,bjj-base-in-bjj,doubled-bjj-suffix,460,"【BJJ】BJJのベース | BJJ App Wiki"
ja,bjj-beginner-mind-bjj,doubled-bjj-suffix,496,"【BJJ】初心者の心構え | BJJ App Wiki"
ja,bjj-between-matches-bjj,doubled-bjj-suffix,365,"【BJJ】試合間の過ごし方 | BJJ App Wiki"
ja,bjj-black-belt-mindset,soft-topic:mindset,281,"BJJ黒帯のマインドセット：何が必要で何を本当に意味するか"
ja,bjj-body-mechanic-bjj,doubled-bjj-suffix,381,"【BJJ】ボディメカニクス | BJJ App Wiki"
ja,bjj-breakdown-technique-bjj,doubled-bjj-suffix,490,"【BJJ】テクニック分解の方法"
ja,bjj-breath-control-bjj,doubled-bjj-suffix,319,"BJJ競技での呼吸とブレスコントロール"
ja,bjj-clinch-work-bjj,doubled-bjj-suffix,291,"クリンチワークとテイクダウン：BJJスタンドアップ"
ja,bjj-combination-attacks-bjj,doubled-bjj-suffix,457,"【BJJ】コンビネーション攻撃理論 | BJJ App Wiki"
ja,bjj-competition-anxiety,soft-topic:anxiety,450,"【BJJ】試合の緊張・不安の対処法 | BJJ App Wiki"
ja,bjj-competition-day-nutrition,soft-topic:nutrition,457,"【BJJ】大会当日の栄養戦略"
ja,bjj-competition-diet-guide,soft-topic:diet,379,"BJJ大会食事ガイド — 試合当日の栄養戦略"
ja,bjj-competition-mindset,soft-topic:mindset,258,"BJJ競技のマインドセット：試合成功のためのメンタルスキル"
ja,bjj-competition-warmup-bjj,doubled-bjj-suffix,376,"【BJJ】試合前のウォーミングアップ | BJJ App Wiki"
ja,bjj-compression-locks-bjj,doubled-bjj-suffix,513,"【BJJ】コンプレッションロック概要 | BJJ App Wiki"
ja,bjj-conceptual-bjj,doubled-bjj-suffix,324,"【BJJ】コンセプトによるテクニック理解 | BJJ App Wiki"
ja,bjj-conceptual-learning-bjj,doubled-bjj-suffix,347,"【BJJ】コンセプトラーニング"
ja,bjj-confidence-bjj,doubled-bjj-suffix,379,"【BJJ】BJJにおける自信の構築 | BJJ App Wiki"
ja,bjj-consistency-bjj,doubled-bjj-suffix,374,"【BJJ】BJJトレーニングにおける継続性 | BJJ App Wiki"
ja,bjj-cool-down-guide-bjj,doubled-bjj-suffix,380,"【BJJ】トレーニング後のクールダウン | BJJ App Wiki"
ja,bjj-coordination-bjj,doubled-bjj-suffix,389,"【BJJ】コーディネーショントレーニング | BJJ App Wiki"
ja,bjj-copy-elite-bjj,doubled-bjj-suffix,483,"【BJJ】エリート選手の技をコピーする"
ja,bjj-counter-attack-bjj,doubled-bjj-suffix,494,"【BJJ】カウンターアタック理論 | BJJ App Wiki"
ja,bjj-creating-angles-bjj,doubled-bjj-suffix,506,"BJJにおける角度の作り方 | BJJ App Wiki"
ja,bjj-curriculum-bjj,doubled-bjj-suffix,374,"【BJJ】BJJカリキュラムデザイン | BJJ App Wiki"
ja,bjj-cutting-weight-bjj,doubled-bjj-suffix,454,"【BJJ】計量対策 | BJJ App Wiki"
ja,bjj-diet-for-bjj,doubled-bjj-suffix,325,"BJJダイエットガイド | BJJ App Wiki"
ja,bjj-diet-nutrition,soft-topic:nutrition,310,"BJJ食事・栄養ガイド：グラップラーのための最適栄養 | BJJ App Wiki"
ja,bjj-distance-management-bjj,doubled-bjj-suffix,385,"【BJJ】距離管理ガイド | BJJ App Wiki"
ja,bjj-drilling-routines-bjj,doubled-bjj-suffix,488,"【BJJ】毎日のドリリングルーティン"
ja,bjj-ego-in-bjj,doubled-bjj-suffix,493,"【BJJ】エゴとBJJトレーニング | BJJ App Wiki"
ja,bjj-elbow-control-bjj,doubled-bjj-suffix,387,"【BJJ】エルボーコントロール | BJJ App Wiki"
ja,bjj-endurance-game-bjj,doubled-bjj-suffix,377,"【BJJ】スタミナ重視のBJJゲーム | BJJ App Wiki"
ja,bjj-explosive-power-bjj,doubled-bjj-suffix,369,"【BJJ】爆発的パワーで技を強化 | BJJ App Wiki"
ja,bjj-feel-in-bjj,doubled-bjj-suffix,364,"【BJJ】ブラジリアン柔術の「感覚」を磨く | BJJ App Wiki"
ja,bjj-feint-techniques-bjj,doubled-bjj-suffix,455,"【BJJ】フェイントとミスディレクション | BJJ App Wiki"
ja,bjj-film-study-bjj,doubled-bjj-suffix,482,"【BJJ】フィルムスタディの技法"
ja,bjj-first-year-bjj,doubled-bjj-suffix,481,"【BJJ】最初の1年のガイド"
ja,bjj-flexibility-for-bjj,doubled-bjj-suffix,297,"BJJ怪我予防のための柔軟性トレーニング"
ja,bjj-flexibility-training-bjj,doubled-bjj-suffix,334,"【BJJ】柔軟性トレーニング"
ja,bjj-floating-pass-bjj,doubled-bjj-suffix,386,"【BJJ】フローティングパス | BJJ App Wiki"
ja,bjj-flow-state-bjj,doubled-bjj-suffix,402,"【BJJ】フロー状態の達成方法 | BJJ App Wiki"
ja,bjj-foam-rolling-bjj,doubled-bjj-suffix,500,"【BJJ】フォームローリング for BJJ"
ja,bjj-focus-techniques-bjj,doubled-bjj-suffix,408,"【BJJ】集中力・メンタルテクニック | BJJ App Wiki"
ja,bjj-foot-sweeps-bjj,doubled-bjj-suffix,353,"【BJJ】フットスウィープガイド"
ja,bjj-framing-in-bjj,doubled-bjj-suffix,439,"【BJJ】フレーミング | BJJ App Wiki"
ja,bjj-front-headlock-bjj,doubled-bjj-suffix,408,"フロントヘッドロック攻防 | BJJ App Wiki"
ja,bjj-game-planning-bjj,doubled-bjj-suffix,392,"BJJゲームプランニング戦略 | BJJ App Wiki"
ja,bjj-game-theory-bjj,doubled-bjj-suffix,345,"【BJJ】ゲーム理論ガイド"
ja,bjj-gift-wrapping-bjj,doubled-bjj-suffix,498,"【BJJ】バックからのギフトラップ | BJJ App Wiki"
ja,bjj-grip-strength-bjj,doubled-bjj-suffix,459,"【BJJ】グラップリング向けグリップ強化トレーニング | BJJ App Wiki"
ja,bjj-guard-engagement-bjj,doubled-bjj-suffix,405,"【BJJ】ガードエンゲージメントの原則 | BJJ App Wiki"
ja,bjj-harai-goshi-bjj,doubled-bjj-suffix,385,"【BJJ】払い腰：BJJでの活用法 | BJJ App Wiki"
ja,bjj-head-control-bjj,doubled-bjj-suffix,484,"【BJJ】ヘッドコントロール基本原理"
ja,bjj-hip-mobility-bjj,doubled-bjj-suffix,382,"【BJJ】股関節の可動域改善ドリル | BJJ App Wiki"
ja,bjj-hydration-bjj,doubled-bjj-suffix,491,"【BJJ】BJJトレーニングの水分補給戦略"
ja,bjj-ice-bath-bjj,doubled-bjj-suffix,476,"【BJJ】冷水療法でのリカバリー"
ja,bjj-initiative-bjj,doubled-bjj-suffix,358,"【BJJ】イニシアチブの取り方 | BJJ App Wiki"
ja,bjj-inside-step-bjj,doubled-bjj-suffix,497,"【BJJ】インサイドステップテクニック"
ja,bjj-inversion-guide-bjj,doubled-bjj-suffix,451,"BJJインバージョン完全ガイド | BJJ App Wiki"
ja,bjj-inverted-guard-bjj,doubled-bjj-suffix,524,"【BJJ】インバーテッドガードテクニック | BJJ App Wiki"
ja,bjj-judo-for-bjj,doubled-bjj-suffix,295,"BJJのための柔道：投げ・グリップ・ねわざ統合 | BJJ App Wiki"
ja,bjj-judo-throws-for-bjj,doubled-bjj-suffix,434,"BJJのための柔道投げ｜最高の足技・払い・捨て身技"
ja,bjj-jumping-guard-bjj,doubled-bjj-suffix,450,"【BJJ】ジャンピングガードテクニック | BJJ App Wiki"
ja,bjj-kimura-details-bjj,doubled-bjj-suffix,402,"【BJJ】キムラ 完全解説 | BJJ App Wiki"
ja,bjj-knee-health-bjj,doubled-bjj-suffix,379,"【BJJ】柔術家のための膝の健康 | BJJ App Wiki"
ja,bjj-kouchi-gari-bjj,doubled-bjj-suffix,392,"【BJJ】後内刈り BJJテクニック | BJJ App Wiki"
ja,bjj-kuzushi-bjj,doubled-bjj-suffix,383,"【BJJ】崩しBJJ.htmlガイド | BJJ App Wiki"
ja,bjj-late-defense-bjj,doubled-bjj-suffix,377,"BJJの遅延防御テクニック | BJJ App Wiki"
ja,bjj-learning-styles-bjj,doubled-bjj-suffix,348,"【BJJ】学習スタイルガイド"
ja,bjj-leg-lock-safety-bjj,doubled-bjj-suffix,413,"【BJJ】レッグロックの安全な練習方法 | BJJ App Wiki"
ja,bjj-leg-pummeling-bjj,doubled-bjj-suffix,377,"【BJJ】レッグプンメル | BJJ App Wiki"
ja,bjj-legacy-in-bjj,doubled-bjj-suffix,406,"【BJJ】BJJにおけるレガシーと貢献 | BJJ App Wiki"
ja,bjj-leverage-principles-bjj,doubled-bjj-suffix,369,"BJJのテコ原理 | BJJ App Wiki"
ja,bjj-long-game-bjj,doubled-bjj-suffix,403,"【BJJ】Long Game in BJJ | BJJ App Wiki"
ja,bjj-longevity-bjj,doubled-bjj-suffix,361,"【BJJ】長寿BJJガイド | BJJ App Wiki"
ja,bjj-longevity-guide,soft-topic:longevity,481,"BJJ長期継続ガイド｜50代・60代以降もトレーニングを続ける"
ja,bjj-losing-in-bjj,doubled-bjj-suffix,367,"【BJJ】負け方の上手さ | BJJ App Wiki"
ja,bjj-massage-therapy-bjj,doubled-bjj-suffix,489,"【BJJ】マッサージ療法 for BJJ選手"
ja,bjj-mental-game,soft-topic:mental,347,"BJJメンタルゲーム — 柔術選手のための心理学とマインドセット"
ja,bjj-mental-performance,soft-topic:mental,328,"メンタルパフォーマンスBJJ"
ja,bjj-mental-preparation,soft-topic:mental,316,"BJJメンタル準備：マインドセット・ビジュアライゼーション・競技心理学"
ja,bjj-mindfulness-bjj,doubled-bjj-suffix,362,"マインドフルネスBJJ ガイド | BJJ App Wiki"
ja,bjj-mindset-for-beginners,soft-topic:mindset,289,"BJJ初心者のマインドセット：タップを受け入れて進歩する | BJJ App Wiki"
ja,bjj-motivation-bjj,doubled-bjj-suffix,378,"BJJのモチベーション維持方法 | BJJ App Wiki"
ja,bjj-never-stop-learning-bjj,doubled-bjj-suffix,512,"【BJJ】継続的な学習 | BJJ App Wiki"
ja,bjj-nutrition-guide,soft-topic:nutrition,291,"BJJ栄養ガイド：より良くトレーニングし競技するための食事法"
ja,bjj-nutrition-science,soft-topic:nutrition,266,"BJJアスリートのための栄養科学：エビデンスベースの燃料補給"
ja,bjj-nutrition-timing,soft-topic:nutrition,340,"BJJの栄養タイミング"
ja,bjj-offense-first-bjj,doubled-bjj-suffix,310,"オフェンスファーストBJJ | アタック的なマインドセットの構築"
ja,bjj-older-athlete-bjj,doubled-bjj-suffix,292,"高齢アスリートのためのBJJ — 40代以降のスマートなトレーニング"
ja,bjj-osoto-gari-bjj,doubled-bjj-suffix,394,"【BJJ】大外刈り | BJJ App Wiki"
ja,bjj-overhead-sweep-bjj,doubled-bjj-suffix,401,"【BJJ】オーバーヘッドスイープのテクニック | BJJ App Wiki"
ja,bjj-overhook-system-bjj,doubled-bjj-suffix,480,"【BJJ】オーバーフックシステム（ウィザー） | BJJ App Wiki"
ja,bjj-overtime-strategy-bjj,doubled-bjj-suffix,449,"BJJ延長戦戦略 | EBI & IBJJF | BJJ App Wiki"
ja,bjj-overtraining-signs-bjj,doubled-bjj-suffix,385,"【BJJ】オーバーートレーニングの兆候｜BJJ Wiki"
ja,bjj-passing-concepts-bjj,doubled-bjj-suffix,507,"【BJJ】コア・ガードパスの基本 | BJJ App Wiki"
ja,bjj-peak-performance-guide,soft-topic:performance,342,"【BJJ】ピークパフォーマンスガイド"
ja,bjj-peak-performance,soft-topic:performance,309,"BJJピークパフォーマンスのタイミング | BJJ App Wiki"
ja,bjj-penalty-avoidance-bjj,doubled-bjj-suffix,364,"【BJJ】ペナルティ回避術 | BJJ App Wiki"
ja,bjj-pendulum-sweep-bjj,doubled-bjj-suffix,399,"【BJJ】ペンデュラムスイープの詳細 | BJJ App Wiki"
ja,bjj-periodization-bjj,doubled-bjj-suffix,447,"【BJJ】BJJ選手のピリオダイゼーション | BJJ App Wiki"
ja,bjj-plateaus-bjj,doubled-bjj-suffix,374,"BJJの停滞期を乗り越える | BJJ App Wiki"
ja,bjj-post-training-nutrition,soft-topic:nutrition,426,"【BJJ】トレーニング後の栄養回復"
ja,bjj-pre-training-nutrition,soft-topic:nutrition,453,"【BJJ】トレーニング前の栄養補給"
ja,bjj-principle-based-bjj,doubled-bjj-suffix,297,"【BJJ】原則ベースのトレーニング | BJJ App Wiki"
ja,bjj-proactive-bjj,doubled-bjj-suffix,328,"【BJJ】プロアクティブBJJアプローチ | BJJ App Wiki"
ja,bjj-probing-attacks-bjj,doubled-bjj-suffix,455,"【BJJ】探りの攻撃 | BJJ App Wiki"
ja,bjj-problem-solving-bjj,doubled-bjj-suffix,298,"【BJJ】問題解決 | BJJ App Wiki"
ja,bjj-progressive-overload-bjj,doubled-bjj-suffix,475,"【BJJ】漸進的過負荷の原則"
ja,bjj-proprioception-bjj,doubled-bjj-suffix,369,"【BJJ】グラップリングにおける固有受容感覚 | BJJ App Wiki"
ja,bjj-protein-for-bjj,doubled-bjj-suffix,463,"【BJJ】BJJ選手のタンパク質戦略"
ja,bjj-reaction-based-bjj,doubled-bjj-suffix,388,"【BJJ】リアクション型BJJゲーム"
ja,bjj-reaction-training-bjj,doubled-bjj-suffix,317,"BJJリアクショントレーニング | 自動反応の開発"
ja,bjj-reading-opponent-bjj,doubled-bjj-suffix,332,"【BJJ】相手を読む方法 | BJJ App Wiki"
ja,bjj-reaping-rules-bjj,doubled-bjj-suffix,394,"BJJのリーピングルール | BJJ App Wiki"
ja,bjj-recovery-protocol-bjj,doubled-bjj-suffix,374,"【BJJ】リカバリープロトコル BJJガイド | BJJ App Wiki"
ja,bjj-recovery-protocols-bjj,doubled-bjj-suffix,415,"【BJJ】トレーニング回復法 | BJJ App Wiki"
ja,bjj-referee-position-bjj,doubled-bjj-suffix,342,"【BJJ】レフェリーポジションからのエスケープ | BJJ App Wiki"
ja,bjj-referee-understanding,soft-topic:understanding,318,"【BJJ】レフェリー理解ガイド"
ja,bjj-resilience-bjj,doubled-bjj-suffix,448,"BJJにおけるレジリエンス構築 | BJJ App Wiki"
ja,bjj-sambo-for-bjj,doubled-bjj-suffix,448,"BJJのためのサンボ｜ロシア武道からのレッグロックとレスリングスキル"
ja,bjj-seoi-nage-bjj,doubled-bjj-suffix,356,"【BJJ】Seoi Nage for BJJ | BJJ App Wiki"
ja,bjj-setup-principles-bjj,doubled-bjj-suffix,430,"【BJJ】BJJ攻撃セットアップの原則 | BJJ App Wiki"
ja,bjj-shot-defense-bjj,doubled-bjj-suffix,356,"【BJJ】レスリングショットディフェンス | BJJ App Wiki"
ja,bjj-shoulder-health-bjj,doubled-bjj-suffix,341,"【BJJ】グラップラーのための肩の健康 | BJJ App Wiki"
ja,bjj-single-leg-counter-bjj,doubled-bjj-suffix,353,"【BJJ】シングルレッグカウンターテクニック"
ja,bjj-single-leg-defense-bjj,doubled-bjj-suffix,350,"【BJJ】シングルレッグディフェンス完全ガイド"
ja,bjj-situational-awareness-bjj,doubled-bjj-suffix,338,"BJJ 状況認識ガイド | BJJ App Wiki"
ja,bjj-sleep-for-bjj,doubled-bjj-suffix,338,"【BJJ】睡眠の極意 | BJJ App Wiki"
ja,bjj-sleep-performance,soft-topic:performance,393,"BJJの睡眠とパフォーマンス｜休息がゲームを変える方法"
ja,bjj-small-person-bjj,doubled-bjj-suffix,293,"小柄な人のためのBJJ — 小さな体格に機能するテクニックとガード"
ja,bjj-sparring-partners-bjj,doubled-bjj-suffix,445,"【BJJ】スパーリングパートナー管理法"
ja,bjj-specific-training-bjj,doubled-bjj-suffix,403,"【BJJ】特異性トレーニングの原則"
ja,bjj-speed-advantage-bjj,doubled-bjj-suffix,372,"BJJスピードアドバンテージの活用 | BJJ App Wiki"
ja,bjj-sprawl-guide-bjj,doubled-bjj-suffix,361,"【BJJ】スプロールテクニック | BJJ App Wiki"
ja,bjj-stacking-opponent-bjj,doubled-bjj-suffix,480,"BJJスタックによるガードパス | BJJ App Wiki"
ja,bjj-stalling-rules-bjj,doubled-bjj-suffix,406,"BJJ スタリングルール | BJJ App Wiki"
ja,bjj-stance-footwork-bjj,doubled-bjj-suffix,350,"BJJスタンス＆フットワークガイド | BJJ App Wiki"
ja,bjj-strength-in-bjj,doubled-bjj-suffix,417,"BJJにおける筋力差の活用法 | BJJ App Wiki"
ja,bjj-strength-training-bjj,doubled-bjj-suffix,418,"【BJJ】グラップラー向け筋力トレーニング | BJJ App Wiki"
ja,bjj-stress-management-bjj,doubled-bjj-suffix,340,"【BJJ】ストレスマネジメントガイド | BJJ App Wiki"
ja,bjj-stripes-system-bjj,doubled-bjj-suffix,356,"【BJJ】ストライプと中間帯 | BJJ App Wiki"
ja,bjj-submission-hunting-bjj,doubled-bjj-suffix,347,"【BJJ】試合でのサブミッションハント | BJJ App Wiki"
ja,bjj-submission-timing-bjj,doubled-bjj-suffix,355,"【BJJ】サブミッションのタイミング | BJJ App Wiki"
ja,bjj-survival-position-bjj,doubled-bjj-suffix,478,"【BJJ】サバイバルポジション | BJJ App Wiki"
ja,bjj-systematic-study-bjj,doubled-bjj-suffix,332,"【BJJ】体系的学習ガイド"
ja,bjj-tap-early-bjj,doubled-bjj-suffix,434,"【BJJ】タップとエゴ | BJJ App Wiki"
ja,bjj-tap-protocols-bjj,doubled-bjj-suffix,336,"【BJJ】タップのルールとマナー | BJJ App Wiki"
ja,bjj-teach-to-learn-bjj,doubled-bjj-suffix,326,"【BJJ】教えることで学ぶ"
ja,bjj-teaching-bjj,doubled-bjj-suffix,349,"【BJJ】人にBJJを教える方法 | BJJ App Wiki"
ja,bjj-team-scoring-bjj,doubled-bjj-suffix,419,"【BJJ】団体戦のスコアリングシステム"
ja,bjj-three-year-bjj,doubled-bjj-suffix,403,"【BJJ】3年間のBJJ成長パス"
ja,bjj-tie-up-control-bjj,doubled-bjj-suffix,387,"【BJJ】タイアップ・コントロール | BJJ App Wiki"
ja,bjj-tight-submissions-bjj,doubled-bjj-suffix,476,"【BJJ】タイトなサブミッションの取り方 | BJJ App Wiki"
ja,bjj-time-management-bjj,doubled-bjj-suffix,370,"【BJJ】試合での時間管理 | BJJ App Wiki"
ja,bjj-timing-in-bjj,doubled-bjj-suffix,388,"【BJJ】タイミングの習得 | BJJ App Wiki"
ja,bjj-tomoe-nage-bjj,doubled-bjj-suffix,383,"【BJJ】巴投げのBJJテクニック | BJJ App Wiki"
ja,bjj-trips-and-throws-bjj,doubled-bjj-suffix,342,"【BJJ】トリップ＆テイクダウン | BJJ App Wiki"
ja,bjj-two-on-one-bjj,doubled-bjj-suffix,396,"BJJのための2-on-1グリップ | BJJ App Wiki"
ja,bjj-underhook-system-bjj,doubled-bjj-suffix,472,"【BJJ】アンダ-フック・コントロール・システム | BJJ App Wiki"
ja,bjj-understanding-bjj,doubled-bjj-suffix,396,"【BJJ】BJJのより深い理解"
ja,bjj-visualization-bjj,doubled-bjj-suffix,407,"【BJJ】メンタルイメージの活用法 | BJJ App Wiki"
ja,bjj-weight-advantage-bjj,doubled-bjj-suffix,399,"【BJJ】体重差の活用術 | BJJ App Wiki"
ja,bjj-weight-class-bjj,doubled-bjj-suffix,493,"【BJJ】体重別階級での競技テクニック"
ja,bjj-wrestling-for-bjj,doubled-bjj-suffix,347,"BJJのためのレスリング — テイクダウンをジウジツゲームに組み込む方法"
ja,bjj-wrestling-takedown-for-bjj,doubled-bjj-suffix,346,"BJJのためのレスリングテイクダウン — 完全統合ガイド"
ja,bjj-wrist-control-bjj,doubled-bjj-suffix,374,"【BJJ】手首のコントロールテクニック | BJJ App Wiki"
ja,gi-vs-nogi-bjj,doubled-bjj-suffix,754,"道衣ありBJJ vs ノーギBJJ | 完全比較ガイド"
ja,how-long-to-black-belt-bjj,doubled-bjj-suffix,354,"BJJ黒帯取得までどのくらいかかる？ | BJJ App Wiki"
pt,bjj-absolute-division-bjj,doubled-bjj-suffix,1119,"Estratégia da Divisão Absoluta | BJJ App Wiki Brasil"
pt,bjj-active-recovery-bjj,doubled-bjj-suffix,1113,"Técnicas de Recuperação Ativa | BJJ App Wiki Brasil"
pt,bjj-adaptation-bjj,doubled-bjj-suffix,1138,"Adaptação no Treino de BJJ | BJJ App Wiki Brasil"
pt,bjj-advantage-system-bjj,doubled-bjj-suffix,1079,"Sistema de Vantagem no BJJ | BJJ Wiki"
pt,bjj-after-competition-bjj,doubled-bjj-suffix,1168,"Análise Pós-Competição | BJJ Wiki"
pt,bjj-analyzing-tape-bjj,doubled-bjj-suffix,1158,"Analisando Seus Próprios Vídeos | BJJ App Wiki Brasil"
pt,bjj-arm-collection-bjj,doubled-bjj-suffix,1107,"Coleção de Braços no Jiu-Jitsu | BJJ Wiki"
pt,bjj-arm-control-bjj,doubled-bjj-suffix,1147,"Princípios de Controle de Braço | BJJ Wiki"
pt,bjj-armbar-details-bjj,doubled-bjj-suffix,1197,"Guia Detalhado de Armbar no Jiu-Jitsu | BJJ Wiki"
pt,bjj-armpit-control-bjj,doubled-bjj-suffix,1050,"Controle de Axila no Jiu Jitsu | BJJ Wiki"
pt,bjj-athlete-mindset,soft-topic:mindset,1048,"Mentalidade de Atleta de BJJ: Treine Como os Campeões | BJJ Wiki"
pt,bjj-balance-in-bjj,doubled-bjj-suffix,1151,"Equilíbrio no Jiu-Jitsu | BJJ Wiki"
pt,bjj-balance-training-bjj,doubled-bjj-suffix,846,"Treinamento de Equilíbrio e Coordenação para BJJ"
pt,bjj-balloon-sweep-bjj,doubled-bjj-suffix,1126,"Raspagem Balão (Sumi Gaeshi) | BJJ Wiki"
pt,bjj-base-in-bjj,doubled-bjj-suffix,1092,"Base no BJJ | Estabilidade Essencial | BJJ Wiki"
pt,bjj-beginner-mind-bjj,doubled-bjj-suffix,1191,"Mente de Iniciante no Jiu Jitsu | BJJ Wiki"
pt,bjj-between-matches-bjj,doubled-bjj-suffix,973,"Gerenciando Energia Entre Lutas | BJJ Wiki"
pt,bjj-black-belt-mindset,soft-topic:mindset,1167,"Mentalidade Faixa Preta BJJ: O Que Significa | BJJ Wiki"
pt,bjj-body-mechanic-bjj,doubled-bjj-suffix,1080,"Mecânica Corporal no Jiu-Jitsu | BJJ Wiki"
pt,bjj-breakdown-technique-bjj,doubled-bjj-suffix,1036,"Decomposição de Técnicas | BJJ App Wiki Brasil"
pt,bjj-breath-control-bjj,doubled-bjj-suffix,868,"Respiração & Controle de Respiração em Competição BJJ"
pt,bjj-clinch-work-bjj,doubled-bjj-suffix,828,"Clinch e Quedas no BJJ | BJJ Wiki"
pt,bjj-combination-attacks-bjj,doubled-bjj-suffix,1094,"Teoria de Combos no Jiu Jitsu | BJJ Wiki"
pt,bjj-competition-anxiety,soft-topic:anxiety,1017,"Combatendo a Ansiedade de Competição no Jiu Jitsu | BJJ Wiki"
pt,bjj-competition-day-nutrition,soft-topic:nutrition,981,"Nutrição no Dia da Competição | BJJ App Wiki Brasil"
pt,bjj-competition-diet-guide,soft-topic:diet,1254,"Guia de Dieta para Competições de BJJ — Estratégia Nutricional no Dia do Torneio"
pt,bjj-competition-mindset,soft-topic:mindset,1093,"Mentalidade de Competição no BJJ: Habilidades Mentais para o Sucesso"
pt,bjj-competition-warmup-bjj,doubled-bjj-suffix,1128,"Rotina de Aquecimento | BJJ Wiki"
pt,bjj-compression-locks-bjj,doubled-bjj-suffix,1063,"Chaves de Compressão | BJJ Wiki"
pt,bjj-conceptual-bjj,doubled-bjj-suffix,1036,"Abordagem Conceitual do Jiu Jitsu | BJJ Wiki"
pt,bjj-conceptual-learning-bjj,doubled-bjj-suffix,1133,"Aprendizado Conceitual no BJJ | BJJ Wiki"
pt,bjj-confidence-bjj,doubled-bjj-suffix,1166,"Confiança no Jiu-Jitsu | BJJ Wiki"
pt,bjj-consistency-bjj,doubled-bjj-suffix,1169,"Consistência no Treino de Jiu Jitsu | BJJ Wiki"
pt,bjj-cool-down-guide-bjj,doubled-bjj-suffix,1139,"Alongamento Pós-Treino de Jiu Jitsu | BJJ Wiki"
pt,bjj-coordination-bjj,doubled-bjj-suffix,1177,"Coordenação para Jiu-Jitsu | BJJ Wiki"
pt,bjj-copy-elite-bjj,doubled-bjj-suffix,1141,"Copiando Técnicas de Atletas Elite | BJJ App Wiki Brasil"
pt,bjj-counter-attack-bjj,doubled-bjj-suffix,1030,"Teoria de Contra-Ataque no Jiu-Jitsu | BJJ Wiki"
pt,bjj-creating-angles-bjj,doubled-bjj-suffix,1082,"Criando Ângulos no Jiu-Jitsu | BJJ Wiki"
pt,bjj-curriculum-bjj,doubled-bjj-suffix,1242,"Desenho de Currículo de BJJ | BJJ Wiki"
pt,bjj-cutting-weight-bjj,doubled-bjj-suffix,1063,"Corte de Peso no BJJ | BJJ Wiki"
pt,bjj-diet-for-bjj,doubled-bjj-suffix,964,"Dieta para Jiu Jitsu | BJJ Wiki"
pt,bjj-diet-nutrition,soft-topic:nutrition,1031,"Guia de Dieta e Nutrição para BJJ | BJJ Wiki"
pt,bjj-distance-management-bjj,doubled-bjj-suffix,975,"Gerenciamento de Distância | BJJ Wiki"
pt,bjj-drilling-routines-bjj,doubled-bjj-suffix,1164,"Rotinas Diárias de Treino | BJJ App Wiki Brasil"
pt,bjj-ego-in-bjj,doubled-bjj-suffix,1159,"Ego e Treino no Jiu-Jitsu | BJJ Wiki"
pt,bjj-elbow-control-bjj,doubled-bjj-suffix,1151,"Controle de Cotovelo no Jiu-Jitsu | BJJ Wiki"
pt,bjj-endurance-game-bjj,doubled-bjj-suffix,1232,"Jogo de Resistência no Jiu-Jitsu | BJJ Wiki"
pt,bjj-explosive-power-bjj,doubled-bjj-suffix,1113,"Potência Explosiva para Jiu Jitsu | BJJ Wiki"
pt,bjj-feel-in-bjj,doubled-bjj-suffix,1126,"Desenvolvendo o Feeling no Jiu-Jitsu | BJJ Wiki"
pt,bjj-feint-techniques-bjj,doubled-bjj-suffix,1072,"Fintas e Enganos no Jiu-Jitsu | BJJ Wiki"
pt,bjj-film-study-bjj,doubled-bjj-suffix,1105,"Técnicas de Estudo de Filme | BJJ App Wiki Brasil"
pt,bjj-first-year-bjj,doubled-bjj-suffix,1177,"Primeiro Ano de BJJ: Guia Essencial | BJJ Wiki"
pt,bjj-flexibility-for-bjj,doubled-bjj-suffix,864,"Treinamento de Flexibilidade para Prevenção de Lesões em BJJ"
pt,bjj-flexibility-training-bjj,doubled-bjj-suffix,1036,"Flexibilidade no BJJ | BJJ Wiki"
pt,bjj-floating-pass-bjj,doubled-bjj-suffix,1155,"Passagem Flutuante | BJJ Wiki"
pt,bjj-flow-state-bjj,doubled-bjj-suffix,1236,"Estado de Fluxo no Jiu Jitsu | BJJ Wiki"
pt,bjj-foam-rolling-bjj,doubled-bjj-suffix,1111,"Liberação Miofascial no Jiu Jitsu | BJJ Wiki"
pt,bjj-focus-techniques-bjj,doubled-bjj-suffix,1033,"Foco e Concentração no BJJ | BJJ Wiki"
pt,bjj-foot-sweeps-bjj,doubled-bjj-suffix,1166,"Guia de Varreduras de Pé no BJJ"
pt,bjj-framing-in-bjj,doubled-bjj-suffix,1045,"Frames no BJJ | BJJ Wiki"
pt,bjj-front-headlock-bjj,doubled-bjj-suffix,962,"Front Headlock no Jiu Jitsu | BJJ Wiki"
pt,bjj-game-planning-bjj,doubled-bjj-suffix,1021,"Planejamento de Jogo no Jiu-Jitsu | BJJ Wiki"
pt,bjj-game-theory-bjj,doubled-bjj-suffix,1241,"Teoria de Jogos no BJJ | BJJ Wiki"
pt,bjj-gift-wrapping-bjj,doubled-bjj-suffix,952,"Gift Wrap das Costas | BJJ Wiki"
pt,bjj-grip-strength-bjj,doubled-bjj-suffix,1030,"Força de Pegada para Jiu Jitsu | BJJ Wiki"
pt,bjj-guard-engagement-bjj,doubled-bjj-suffix,1149,"Princípios de Engajamento de Guarda | BJJ Wiki"
pt,bjj-harai-goshi-bjj,doubled-bjj-suffix,1034,"Harai Goshi no BJJ | BJJ App Wiki Brasil"
pt,bjj-head-control-bjj,doubled-bjj-suffix,1060,"Fundamentos de Controle de Cabeça | BJJ App Wiki Brasil"
pt,bjj-hip-mobility-bjj,doubled-bjj-suffix,1059,"Mobilidade de Quadril para Jiu Jitsu | BJJ Wiki"
pt,bjj-hydration-bjj,doubled-bjj-suffix,1122,"Estratégias de Hidratação para BJJ | BJJ App Wiki Brasil"
pt,bjj-ice-bath-bjj,doubled-bjj-suffix,1148,"Terapia com Frio para Recuperação | BJJ App Wiki Brasil"
pt,bjj-initiative-bjj,doubled-bjj-suffix,1090,"Iniciativa no Jiu-Jitsu | BJJ Wiki"
pt,bjj-inside-step-bjj,doubled-bjj-suffix,1094,"Técnica de Inside Step | BJJ App Wiki Brasil"
pt,bjj-inversion-guide-bjj,doubled-bjj-suffix,1042,"Movimentos de Inversão no Jiu Jitsu | BJJ Wiki"
pt,bjj-inverted-guard-bjj,doubled-bjj-suffix,1123,"Técnicas de Guarda Invertida | BJJ Wiki"
pt,bjj-judo-for-bjj,doubled-bjj-suffix,1044,"Judô para BJJ: Projeções, Grips e Integração com o Groundwork | BJJ Wiki"
pt,bjj-judo-throws-for-bjj,doubled-bjj-suffix,1239,"Quedas do Judô para BJJ | Melhores Viagens, Varridas e Quedas de Sacrifício"
pt,bjj-jumping-guard-bjj,doubled-bjj-suffix,1084,"Técnica de Guarda Saltada | BJJ Wiki"
pt,bjj-kimura-details-bjj,doubled-bjj-suffix,1148,"Kimura Completa | BJJ Wiki"
pt,bjj-knee-health-bjj,doubled-bjj-suffix,1096,"Saúde do Joelho para Lutadores de BJJ | BJJ Wiki"
pt,bjj-kouchi-gari-bjj,doubled-bjj-suffix,1005,"Kouchi Gari para BJJ | BJJ Wiki"
pt,bjj-kuzushi-bjj,doubled-bjj-suffix,939,"Kuzushi BJJ | BJJ Wiki"
pt,bjj-late-defense-bjj,doubled-bjj-suffix,1137,"Defesa Tardia no Jiu Jitsu | BJJ Wiki"
pt,bjj-learning-styles-bjj,doubled-bjj-suffix,1145,"Estilos de Aprendizado no Jiu-Jitsu | BJJ Wiki"
pt,bjj-leg-lock-safety-bjj,doubled-bjj-suffix,1260,"Segurança de Chaves de Perna no Treino | BJJ Wiki"
pt,bjj-leg-pummeling-bjj,doubled-bjj-suffix,1148,"Leg Pummeling na Guarda | BJJ Wiki"
pt,bjj-legacy-in-bjj,doubled-bjj-suffix,1202,"Legado e Contribuição no Jiu-Jitsu | BJJ Wiki"
pt,bjj-leverage-principles-bjj,doubled-bjj-suffix,1123,"Princípios de Alavancagem no BJJ | BJJ Wiki"
pt,bjj-long-game-bjj,doubled-bjj-suffix,1094,"Jogo de Longo Prazo no BJJ | BJJ Wiki"
pt,bjj-longevity-bjj,doubled-bjj-suffix,1028,"Guia de Longevidade no BJJ | BJJ Wiki"
pt,bjj-longevity-guide,soft-topic:longevity,951,"Longevidade no BJJ | BJJ Wiki"
pt,bjj-losing-in-bjj,doubled-bjj-suffix,1136,"Perder com Dignidade no Jiu-Jitsu | BJJ Wiki"
pt,bjj-massage-therapy-bjj,doubled-bjj-suffix,1124,"Massagem para Jiu-Jitsu | BJJ Wiki"
pt,bjj-mental-game,soft-topic:mental,1115,"Jogo Mental no BJJ: Psicologia e Mindset | BJJ Wiki"
pt,bjj-mental-performance,soft-topic:mental,1192,"Desempenho Mental no BJJ | BJJ Wiki"
pt,bjj-mental-preparation,soft-topic:mental,1165,"Preparação Mental para BJJ: Mentalidade, Visualização e Psicologia Competitiva"
pt,bjj-mindfulness-bjj,doubled-bjj-suffix,979,"Guia de Mindfulness no Jiu Jitsu | BJJ Wiki"
pt,bjj-mindset-for-beginners,soft-topic:mindset,1090,"Mentalidade BJJ para Iniciantes | BJJ Wiki"
pt,bjj-motivation-bjj,doubled-bjj-suffix,1120,"Motivação no Jiu-Jitsu | BJJ Wiki"
pt,bjj-never-stop-learning-bjj,doubled-bjj-suffix,1166,"Aprendizado Contínuo no Jiu-Jitsu | BJJ Wiki"
pt,bjj-nutrition-guide,soft-topic:nutrition,1346,"Guia de Nutrição para BJJ: O que Comer para Treinar e Competir Melhor"
pt,bjj-nutrition-science,soft-topic:nutrition,983,"Ciência da Nutrição para Atletas de BJJ: Alimentação Baseada em Evidências"
pt,bjj-nutrition-timing,soft-topic:nutrition,1076,"Timing de Nutrição para BJJ"
pt,bjj-offense-first-bjj,doubled-bjj-suffix,1096,"BJJ Ofensivo | BJJ Wiki"
pt,bjj-older-athlete-bjj,doubled-bjj-suffix,1073,"BJJ para Atletas Mais Velhos — Treinar de Forma Inteligente Após os 40"
pt,bjj-osoto-gari-bjj,doubled-bjj-suffix,996,"Osoto Gari no BJJ | BJJ Wiki"
pt,bjj-overhead-sweep-bjj,doubled-bjj-suffix,1132,"Raspagem por Cima | BJJ Wiki"
pt,bjj-overhook-system-bjj,doubled-bjj-suffix,1127,"Sistema de Overhook (Whizzer) | BJJ Wiki"
pt,bjj-overtime-strategy-bjj,doubled-bjj-suffix,1068,"Estratégia de Overtime | EBI & IBJJF | BJJ App Wiki Brasil"
pt,bjj-overtraining-signs-bjj,doubled-bjj-suffix,1009,"Sinais de Overtraining no BJJ | BJJ Wiki"
pt,bjj-passing-concepts-bjj,doubled-bjj-suffix,1078,"Conceitos Essenciais de Passagem | BJJ Wiki"
pt,bjj-peak-performance-guide,soft-topic:performance,1308,"Guia de Pico de Performance BJJ | BJJ App Wiki Brasil"
pt,bjj-peak-performance,soft-topic:performance,1072,"Timing do Pico de Performance no BJJ | BJJ Wiki"
pt,bjj-penalty-avoidance-bjj,doubled-bjj-suffix,1149,"Evitando Punições no Jiu-Jitsu | BJJ Wiki"
pt,bjj-pendulum-sweep-bjj,doubled-bjj-suffix,1158,"Raspagem Pêndulo | BJJ Wiki"
pt,bjj-periodization-bjj,doubled-bjj-suffix,1141,"Periodização para Atletas de Jiu-Jitsu | BJJ Wiki"
pt,bjj-plateaus-bjj,doubled-bjj-suffix,1081,"Superando Platôs no Jiu-Jitsu | BJJ Wiki"
pt,bjj-post-training-nutrition,soft-topic:nutrition,1025,"Nutrição Pós-Treino | BJJ App Wiki Brasil"
pt,bjj-pre-training-nutrition,soft-topic:nutrition,849,"Nutrição Pré-Treino | BJJ App Wiki Brasil"
pt,bjj-principle-based-bjj,doubled-bjj-suffix,1123,"Treinamento de BJJ por Princípios | BJJ Wiki"
pt,bjj-proactive-bjj,doubled-bjj-suffix,995,"BJJ Proativo | BJJ Wiki"
pt,bjj-probing-attacks-bjj,doubled-bjj-suffix,1056,"Ataques de Sondagem no Jiu Jitsu | BJJ Wiki"
pt,bjj-problem-solving-bjj,doubled-bjj-suffix,1012,"Solução de Problemas no Jiu-Jitsu | BJJ Wiki"
pt,bjj-progressive-overload-bjj,doubled-bjj-suffix,1160,"Sobrecarga Progressiva em BJJ | BJJ App Wiki Brasil"
pt,bjj-proprioception-bjj,doubled-bjj-suffix,1125,"Propriocepção no Jiu-Jitsu | BJJ Wiki"
pt,bjj-protein-for-bjj,doubled-bjj-suffix,1110,"Ingestão de Proteína para BJJ | BJJ App Wiki Brasil"
pt,bjj-reaction-based-bjj,doubled-bjj-suffix,1167,"Jogo BJJ Baseado em Reação | Estratégia Adaptativa | BJJ App Wiki Brasil"
pt,bjj-reaction-training-bjj,doubled-bjj-suffix,1155,"Treinamento de Reação no BJJ | Desenvolvendo Respostas Automáticas"
pt,bjj-reading-opponent-bjj,doubled-bjj-suffix,1033,"Lendo o Oponente no Jiu-Jitsu | BJJ Wiki"
pt,bjj-reaping-rules-bjj,doubled-bjj-suffix,1044,"Regras de Reaping no BJJ | BJJ Wiki"
pt,bjj-recovery-protocol-bjj,doubled-bjj-suffix,973,"Protocolo de Recuperação Jiu Jitsu | BJJ Wiki"
pt,bjj-recovery-protocols-bjj,doubled-bjj-suffix,949,"Protocolos de Recuperação para BJJ | BJJ Wiki"
pt,bjj-referee-position-bjj,doubled-bjj-suffix,1046,"Fugas da Posição de Árbitro | BJJ Wiki"
pt,bjj-referee-understanding,soft-topic:understanding,1214,"Guia de Compreensão de Regras de Árbitro"
pt,bjj-resilience-bjj,doubled-bjj-suffix,1048,"Resiliência no Jiu-Jitsu | BJJ Wiki"
pt,bjj-sambo-for-bjj,doubled-bjj-suffix,1059,"Sambo para BJJ | Leg Locks e Habilidades de Wrestling da Arte Marcial Russa"
pt,bjj-seoi-nage-bjj,doubled-bjj-suffix,797,"Seoi Nage no BJJ | BJJ App Wiki Brasil"
pt,bjj-setup-principles-bjj,doubled-bjj-suffix,1065,"Princípios de Armação de Ataques no Jiu Jitsu | BJJ Wiki"
pt,bjj-shot-defense-bjj,doubled-bjj-suffix,869,"Defesa de Quedas no Jiu-Jitsu | BJJ Wiki"
pt,bjj-shoulder-health-bjj,doubled-bjj-suffix,1027,"Saúde do Ombro para Lutadores | BJJ Wiki"
pt,bjj-single-leg-counter-bjj,doubled-bjj-suffix,1179,"Contra Single Leg no BJJ | Técnicas Avançadas | BJJ App Wiki Brasil"
pt,bjj-single-leg-defense-bjj,doubled-bjj-suffix,1253,"Defesa Single Leg no BJJ | Guia Completo | BJJ App Wiki Brasil"
pt,bjj-situational-awareness-bjj,doubled-bjj-suffix,928,"Consciência Situacional BJJ | BJJ Wiki"
pt,bjj-sleep-for-bjj,doubled-bjj-suffix,958,"Sono para Jiu Jitsu | BJJ Wiki"
pt,bjj-sleep-performance,soft-topic:performance,1006,"Sono e Performance no BJJ | Como o Descanso Transforma seu Jogo"
pt,bjj-small-person-bjj,doubled-bjj-suffix,1329,"BJJ para Pessoas Pequenas — Técnicas e Guardas para Compleições Menores"
pt,bjj-sparring-partners-bjj,doubled-bjj-suffix,889,"Gerenciando Parceiros de Sparring | BJJ App Wiki Brasil"
pt,bjj-specific-training-bjj,doubled-bjj-suffix,1115,"Especificidade do Treino de BJJ | BJJ App Wiki Brasil"
pt,bjj-speed-advantage-bjj,doubled-bjj-suffix,1093,"Vantagem de Velocidade no Jiu Jitsu | BJJ Wiki"
pt,bjj-sprawl-guide-bjj,doubled-bjj-suffix,940,"Técnica de Sprawl no BJJ | BJJ Wiki"
pt,bjj-stacking-opponent-bjj,doubled-bjj-suffix,1047,"Empilhar para Passar Guarda | BJJ Wiki"
pt,bjj-stalling-rules-bjj,doubled-bjj-suffix,1001,"Regras de Stalling no BJJ | IBJJF | BJJ App Wiki Brasil"
pt,bjj-stance-footwork-bjj,doubled-bjj-suffix,944,"Postura e Movimentação | BJJ Wiki"
pt,bjj-strength-in-bjj,doubled-bjj-suffix,1035,"Usando Força no Jiu-Jitsu | BJJ Wiki"
pt,bjj-strength-training-bjj,doubled-bjj-suffix,948,"Força para Lutadores | BJJ Wiki"
pt,bjj-stress-management-bjj,doubled-bjj-suffix,873,"Gerenciamento de Estresse no Jiu-Jitsu | BJJ Wiki"
pt,bjj-stripes-system-bjj,doubled-bjj-suffix,1161,"Sistema de Faixas e Notas Intermediárias | BJJ Wiki"
pt,bjj-submission-hunting-bjj,doubled-bjj-suffix,1072,"Caça à Finalização em Competições | BJJ Wiki"
pt,bjj-submission-timing-bjj,doubled-bjj-suffix,1112,"Timing de Finalizações no BJJ | BJJ Wiki"
pt,bjj-survival-position-bjj,doubled-bjj-suffix,1085,"Posições de Sobrevivência no BJJ | BJJ Wiki"
pt,bjj-systematic-study-bjj,doubled-bjj-suffix,1183,"Guia de Estudo Sistemático no BJJ"
pt,bjj-tap-early-bjj,doubled-bjj-suffix,1078,"Bater e Ego no Jiu Jitsu | BJJ Wiki"
pt,bjj-tap-protocols-bjj,doubled-bjj-suffix,1113,"Protocolos de Tap | BJJ Wiki"
pt,bjj-teach-to-learn-bjj,doubled-bjj-suffix,1181,"Guia de Ensinar para Aprender no BJJ"
pt,bjj-teaching-bjj,doubled-bjj-suffix,981,"Ensinando BJJ para Outros | BJJ Wiki"
pt,bjj-team-scoring-bjj,doubled-bjj-suffix,1066,"Sistema de Pontuação em Equipes | BJJ App Wiki Brasil"
pt,bjj-three-year-bjj,doubled-bjj-suffix,1076,"Jornada de Três Anos em BJJ | BJJ App Wiki Brasil"
pt,bjj-tie-up-control-bjj,doubled-bjj-suffix,1078,"Controle na Agarra | BJJ Wiki"
pt,bjj-tight-submissions-bjj,doubled-bjj-suffix,1147,"Finalizações Apertadas | BJJ Wiki"
pt,bjj-time-management-bjj,doubled-bjj-suffix,1117,"Gerenciamento de Tempo no Jiu-Jitsu | BJJ Wiki"
pt,bjj-timing-in-bjj,doubled-bjj-suffix,1232,"Desenvolvimento de Timing no BJJ | BJJ Wiki"
pt,bjj-tomoe-nage-bjj,doubled-bjj-suffix,1162,"Tomoe Nage no Jiu Jitsu | BJJ Wiki"
pt,bjj-trips-and-throws-bjj,doubled-bjj-suffix,996,"Projeções e Quedas para Jiu Jitsu | BJJ Wiki"
pt,bjj-two-on-one-bjj,doubled-bjj-suffix,958,"Pegada Dois por Um no Jiu Jitsu | BJJ Wiki"
pt,bjj-underhook-system-bjj,doubled-bjj-suffix,1080,"Sistema de Gancho Sob o Braço | BJJ Wiki"
pt,bjj-understanding-bjj,doubled-bjj-suffix,1121,"Compreensão Mais Profunda de BJJ | BJJ App Wiki Brasil"
pt,bjj-visualization-bjj,doubled-bjj-suffix,985,"Visualização para Jiu-Jitsu | BJJ Wiki"
pt,bjj-weight-advantage-bjj,doubled-bjj-suffix,1216,"Vantagem de Peso no Jiu Jitsu | BJJ Wiki"
pt,bjj-weight-class-bjj,doubled-bjj-suffix,1100,"Competindo na Sua Categoria | BJJ App Wiki Brasil"
pt,bjj-wrestling-for-bjj,doubled-bjj-suffix,1166,"Luta Livre para BJJ — Como Integrar Quedas ao Seu Jogo de Jiu-Jitsu"
pt,bjj-wrestling-takedown-for-bjj,doubled-bjj-suffix,1348,"Quedas de Luta Livre para BJJ — Guia Completo de Integração"
pt,bjj-wrist-control-bjj,doubled-bjj-suffix,1113,"Controle de Pulso no Jiu Jitsu | BJJ Wiki"
pt,gi-vs-nogi-bjj,doubled-bjj-suffix,870,"Kimono vs. Sem Kimono | BJJ Wiki"
pt,how-long-to-black-belt-bjj,doubled-bjj-suffix,856,"Quanto Tempo Leva para a Faixa Preta de BJJ? | BJJ Wiki"
